-- phpMyAdmin SQL Dump
-- version 5.2.2
-- https://www.phpmyadmin.net/
--
-- Host: localhost:3306
-- Generation Time: Jan 28, 2026 at 01:33 PM
-- Server version: 8.0.30
-- PHP Version: 8.1.10

SET SQL_MODE = "NO_AUTO_VALUE_ON_ZERO";
START TRANSACTION;
SET FOREIGN_KEY_CHECKS = 0;
SET time_zone = "+00:00";


/*!40101 SET @OLD_CHARACTER_SET_CLIENT=@@CHARACTER_SET_CLIENT */;
/*!40101 SET @OLD_CHARACTER_SET_RESULTS=@@CHARACTER_SET_RESULTS */;
/*!40101 SET @OLD_COLLATION_CONNECTION=@@COLLATION_CONNECTION */;
/*!40101 SET NAMES utf8mb4 */;

--
-- Database: `emploi_du_temps`
--

-- --------------------------------------------------------

--
-- Table structure for table `classrooms`
--

CREATE TABLE `classrooms` (
  `id` int NOT NULL,
  `name` varchar(100) DEFAULT NULL,
  `capacity` int DEFAULT '0',
  `type` enum('CM','TP','TD','Unknown') DEFAULT 'Unknown'
) ENGINE=InnoDB DEFAULT CHARSET=utf8mb4 COLLATE=utf8mb4_unicode_ci;

--
-- Dumping data for table `classrooms`
--

INSERT INTO `classrooms` (`id`, `name`, `capacity`, `type`) VALUES
(1, '101', 70, 'CM'),
(2, '102', 25, 'TP'),
(3, '103', 25, 'TP'),
(4, '104', 25, 'TP'),
(5, '201', 60, 'CM'),
(6, '202', 60, 'CM'),
(7, '203', 60, 'CM'),
(8, '204', 25, 'TP'),
(9, '205', 25, 'TP'),
(10, '206', 25, 'TP'),
(12, '207', 25, 'TP'),
(13, '208', 25, 'TP'),
(14, '209', 25, 'TP'),
(15, '301', 60, 'CM'),
(16, '302', 60, 'CM'),
(17, '303', 60, 'CM'),
(18, '304', 25, 'TP'),
(19, '305', 25, 'TP'),
(20, '306', 25, 'TP'),
(21, '307', 25, 'TP'),
(22, 'lab1', 40, 'TP'),
(23, 'lab2', 40, 'TP'),
(24, 'lab3', 40, 'TP'),
(25, 'lab4', 40, 'TP'),
(26, 'lab5', 40, 'TP'),
(27, 'lab6', 40, 'TP');

-- --------------------------------------------------------

--
-- Table structure for table `course_workloads`
--

CREATE TABLE `course_workloads` (
  `id` int NOT NULL,
  `subject_id` int DEFAULT NULL,
  `group_id` int DEFAULT NULL,
  `cm_hours` int DEFAULT '0',
  `tp_hours` int DEFAULT '0',
  `td_hours` int DEFAULT '0',
  `group_id_uni` int GENERATED ALWAYS AS (ifnull(`group_id`,0)) VIRTUAL
) ENGINE=InnoDB DEFAULT CHARSET=utf8mb4 COLLATE=utf8mb4_unicode_ci;

--
-- Dumping data for table `course_workloads`
--

INSERT INTO `course_workloads` (`id`, `subject_id`, `group_id`, `cm_hours`, `tp_hours`, `td_hours`) VALUES
(1, 30, 17, 1, 1, 1),
(2, 31, 17, 1, 1, 1),
(3, 32, 17, 1, 1, 0),
(4, 34, 17, 1, 1, 1),
(5, 33, 17, 2, 0, 0),
(6, 35, 17, 1, 0, 0),
(7, 36, 17, 2, 0, 0),
(8, 37, 17, 2, 0, 0),
(9, 38, 17, 0, 0, 0),
(10, 39, 17, 1, 0, 2),
(11, 41, 17, 1, 1, 0),
(12, 40, 17, 0, 2, 1),
(13, 42, 17, 2, 2, 0),
(14, 9, 17, 2, 0, 0),
(15, 10, 17, 2, 0, 0),
(30, 31, NULL, 1, 1, 3),
(31, 9, NULL, 2, 1, 2),
(32, 5, NULL, 1, 2, 3),
(33, 1, NULL, 2, 2, 3),
(38, 2, NULL, 1, 2, 3),
(40, 3, NULL, 1, 2, 3),
(41, 11, NULL, 0, 1, 0),
(42, 6, NULL, 0, 0, 1),
(43, 7, NULL, 1, 0, 0);

-- --------------------------------------------------------

--
-- Table structure for table `days`
--

CREATE TABLE `days` (
  `id` int NOT NULL,
  `name` varchar(50) NOT NULL,
  `order_index` int NOT NULL DEFAULT '0',
  `is_active` tinyint(1) NOT NULL DEFAULT '1'
) ENGINE=InnoDB DEFAULT CHARSET=utf8mb4 COLLATE=utf8mb4_unicode_ci;

--
-- Dumping data for table `days`
--

INSERT INTO `days` (`id`, `name`, `order_index`, `is_active`) VALUES
(1, 'Lundi', 1, 1),
(2, 'Mardi', 2, 1),
(3, 'Mercredi', 3, 1),
(4, 'Jeudi', 4, 1),
(5, 'Vendredi', 5, 0),
(6, 'Samedi', 6, 0),
(7, 'Dimanche', 7, 0);

-- --------------------------------------------------------

--
-- Table structure for table `groups`
--

CREATE TABLE `groups` (
  `id` int NOT NULL,
  `name` varchar(100) DEFAULT NULL,
  `code` varchar(50) DEFAULT NULL,
  `type` varchar(100) DEFAULT 'principale',
  `semester_id` int DEFAULT NULL,
  `parent_group_id` int DEFAULT NULL
) ENGINE=InnoDB DEFAULT CHARSET=utf8mb4 COLLATE=utf8mb4_unicode_ci;

--
-- Dumping data for table `groups`
--

INSERT INTO `groups` (`id`, `name`, `code`, `type`, `semester_id`, `parent_group_id`) VALUES
(1, 'G1-L1', '1', 'principale', 1, NULL),
(2, 'G2-L1', '2', 'principale', 1, NULL),
(3, 'G3-L1', '3', 'principale', 1, NULL),
(4, 'G4-L1', '4', 'principale', 1, NULL),
(5, 'TD1', '5', 'TD', 1, 1),
(6, 'TD2', '6', 'TD', 1, 1),
(7, 'TD3', '7', 'TD', 1, 2),
(8, 'TD4', '8', 'TD', 1, 2),
(9, 'TD5', '9', 'TD', 1, 3),
(10, 'TD6', '10', 'TD', 1, 3),
(11, 'TD7', '11', 'TD', 1, 4),
(12, 'TD8', '12', 'TD', 1, 4),
(13, 'IDS1', '13', 'specialite', 1, 1),
(14, 'IDS2', '14', 'specialite', 1, 1),
(15, 'DSI1-L2', '15', 'principale', 3, NULL),
(16, 'DSI2-L2', '16', 'principale', 3, NULL),
(17, 'RSS-L2', '17', 'principale', 3, NULL),
(18, 'DWM-L2', '18', 'principale', 3, NULL),
(19, 'TD1', '19', 'TD', 3, 15),
(20, 'TD2', '20', 'TD', 3, 15),
(21, 'TD3', '21', 'TD', 3, 16),
(22, 'TD4', '22', 'TD', 3, 16),
(23, 'TD1', '23', 'TD', 3, 17),
(24, 'TD2', '24', 'TD', 3, 17),
(25, 'TD1', '25', 'TD', 3, 18),
(26, 'TD2', '26', 'TD', 3, 18),
(27, 'G1', '27', 'langues && ppp', 3, 15),
(28, 'G2', '28', 'langues && ppp', 3, 15),
(29, 'G3', '29', 'langues && ppp', 3, 15),
(30, 'G4', '30', 'langues && ppp', 3, 15),
(31, 'G5', '31', 'langues && ppp', 3, 15),
(32, 'G6', '32', 'langues && ppp', 3, 15);

-- --------------------------------------------------------

--
-- Table structure for table `professors`
--

CREATE TABLE `professors` (
  `id` int NOT NULL,
  `name` varchar(255) DEFAULT NULL,
  `email` varchar(255) DEFAULT NULL
) ENGINE=InnoDB DEFAULT CHARSET=utf8mb4 COLLATE=utf8mb4_unicode_ci;

--
-- Dumping data for table `professors`
--

INSERT INTO `professors` (`id`, `name`, `email`) VALUES
(1, 'Cheikh', NULL),
(2, 'Habeb', NULL),
(3, 'Kemal', NULL),
(4, 'Bekar', NULL),
(5, 'Kaber', NULL),
(6, 'Souvi', NULL),
(7, 'Yehjebouha', NULL),
(8, 'Meya', NULL),
(9, 'Sidi Mouhamed', NULL),
(10, 'Med Lemine', NULL),
(11, 'Tourad', NULL),
(12, 'Sidi Soueina', NULL),
(13, 'Hassina', NULL),
(14, 'Esseyssah', NULL),
(15, 'Moussa', NULL),
(16, 'Debagh', NULL),
(17, 'Marba', NULL),
(18, 'Sidi Soueina', NULL),
(19, 'Hassina', NULL),
(20, 'F.Habot', NULL),
(21, 'Meyara', NULL),
(22, 'Mohamed Said', NULL),
(23, 'Aloun', NULL),
(24, 'El Bennany', NULL),
(25, 'Vatimettou', NULL),
(26, 'Havedh', NULL),
(27, 'Cheikhani', NULL),
(28, 'Med Louly', NULL),
(29, 'Saw', NULL),
(30, 'Med Harana', NULL),
(31, 'Moulaye', NULL),
(32, 'Mamadou', NULL),
(33, 'Ebu Talbe', NULL),
(34, 'Masra', NULL),
(35, 'Med Salem', NULL),
(36, 'Louly', NULL),
(37, 'Hamadi', NULL),
(38, 'Hayati', NULL),
(39, 'Amina', NULL),
(40, 'abderrahmane', NULL),
(41, 'Hatabi', NULL),
(42, 'Lam', NULL),
(43, 'Tah', NULL),
(44, 'Moctar', NULL),
(45, 'Radhia', NULL),
(46, 'Brice', NULL),
(47, 'Abou', NULL),
(48, 'Hafedh', NULL),
(49, 'Sidi Mahmoud', NULL),
(50, 'Mohamed Abdel Wedoud', NULL),
(51, 'Oumkelthoum', NULL),
(52, 'Sidi Biha', NULL),
(53, 'Saghire', NULL),
(54, 'Moctar', NULL),
(55, 'Mama', NULL),
(56, 'Sidi Biha', NULL),
(57, 'Sidi Biha', NULL),
(58, 'Abdelhamid', NULL),
(59, 'Dieynaba', NULL),
(60, 'Blake', NULL),
(61, 'Naji', NULL),
(62, 'Mokhtar', NULL),
(63, 'kébé', NULL),
(64, 'Rifaa', NULL),
(65, 'EL hacen', NULL),
(66, 'el benani', NULL),
(67, 'Encadreur', NULL),
(68, 'Zein', NULL),
(69, 'hi', NULL),
(70, 'Dyenabe', NULL),
(71, 'Zein El Abidine', NULL),
(72, 'Medn', NULL),
(73, 'Ahmed', NULL),
(74, 'mine', NULL),
(75, 'minetou', NULL),
(76, 'Zein', NULL);

-- --------------------------------------------------------

--
-- Table structure for table `professor_availability`
--

CREATE TABLE `professor_availability` (
  `id` int NOT NULL,
  `professor_id` int DEFAULT NULL,
  `day_id` int DEFAULT NULL,
  `time_slot_id` int DEFAULT NULL,
  `is_available` tinyint(1) DEFAULT '1'
) ENGINE=InnoDB DEFAULT CHARSET=utf8mb4 COLLATE=utf8mb4_unicode_ci;

--
-- Dumping data for table `professor_availability`
--

INSERT INTO `professor_availability` (`id`, `professor_id`, `day_id`, `time_slot_id`, `is_available`) VALUES
(1, 1, 1, 1, 1),
(2, 1, 1, 2, 1),
(3, 1, 1, 3, 0),
(4, 1, 1, 4, 0),
(5, 1, 1, 5, 0),
(6, 1, 2, 1, 1),
(7, 1, 2, 2, 0),
(8, 1, 2, 3, 0),
(9, 1, 2, 4, 0),
(10, 1, 2, 5, 1),
(11, 1, 3, 1, 0),
(12, 1, 3, 2, 0),
(13, 1, 3, 3, 1),
(14, 1, 3, 4, 1),
(15, 1, 3, 5, 1),
(16, 1, 4, 1, 0),
(17, 1, 4, 2, 0),
(18, 1, 4, 3, 1),
(19, 1, 4, 4, 1),
(20, 1, 4, 5, 1),
(21, 1, 5, 1, 1),
(22, 1, 5, 2, 1),
(23, 1, 5, 3, 0),
(24, 1, 5, 4, 1),
(25, 1, 5, 5, 0),
(26, 1, 6, 1, 1),
(27, 1, 6, 2, 0),
(28, 1, 6, 3, 0),
(29, 1, 6, 4, 0),
(30, 1, 6, 5, 0),
(31, 1, 7, 1, 1),
(32, 1, 7, 2, 1),
(33, 1, 7, 3, 1),
(34, 1, 7, 4, 1),
(35, 1, 7, 5, 1),
(36, 2, 1, 1, 1),
(37, 2, 1, 2, 0),
(38, 2, 1, 3, 0),
(39, 2, 1, 4, 1),
(40, 2, 1, 5, 1),
(41, 2, 2, 1, 1),
(42, 2, 2, 2, 1),
(43, 2, 2, 3, 1),
(44, 2, 2, 4, 1),
(45, 2, 2, 5, 1),
(46, 2, 3, 1, 1),
(47, 2, 3, 2, 1),
(48, 2, 3, 3, 1),
(49, 2, 3, 4, 0),
(50, 2, 3, 5, 0),
(51, 2, 4, 1, 1),
(52, 2, 4, 2, 0),
(53, 2, 4, 3, 1),
(54, 2, 4, 4, 0),
(55, 2, 4, 5, 0),
(56, 2, 5, 1, 1),
(57, 2, 5, 2, 0),
(58, 2, 5, 3, 0),
(59, 2, 5, 4, 1),
(60, 2, 5, 5, 1),
(61, 2, 6, 1, 1),
(62, 2, 6, 2, 1),
(63, 2, 6, 3, 1),
(64, 2, 6, 4, 1),
(65, 2, 6, 5, 1),
(66, 2, 7, 1, 1),
(67, 2, 7, 2, 1),
(68, 2, 7, 3, 1),
(69, 2, 7, 4, 1),
(70, 2, 7, 5, 1),
(71, 3, 1, 1, 0),
(72, 3, 1, 2, 1),
(73, 3, 1, 3, 0),
(74, 3, 1, 4, 0),
(75, 3, 1, 5, 1),
(76, 3, 2, 1, 1),
(77, 3, 2, 2, 0),
(78, 3, 2, 3, 1),
(79, 3, 2, 4, 0),
(80, 3, 2, 5, 1),
(81, 3, 3, 1, 1),
(82, 3, 3, 2, 1),
(83, 3, 3, 3, 1),
(84, 3, 3, 4, 0),
(85, 3, 3, 5, 1),
(86, 3, 4, 1, 0),
(87, 3, 4, 2, 0),
(88, 3, 4, 3, 0),
(89, 3, 4, 4, 1),
(90, 3, 4, 5, 0),
(91, 3, 5, 1, 0),
(92, 3, 5, 2, 1),
(93, 3, 5, 3, 0),
(94, 3, 5, 4, 0),
(95, 3, 5, 5, 1),
(96, 3, 6, 1, 1),
(97, 3, 6, 2, 0),
(98, 3, 6, 3, 1),
(99, 3, 6, 4, 0),
(100, 3, 6, 5, 1),
(101, 3, 7, 1, 1),
(102, 3, 7, 2, 1),
(103, 3, 7, 3, 1),
(104, 3, 7, 4, 1),
(105, 3, 7, 5, 1),
(106, 4, 1, 1, 1),
(107, 4, 1, 2, 1),
(108, 4, 1, 3, 0),
(109, 4, 1, 4, 1),
(110, 4, 1, 5, 0),
(111, 4, 2, 1, 1),
(112, 4, 2, 2, 0),
(113, 4, 2, 3, 0),
(114, 4, 2, 4, 0),
(115, 4, 2, 5, 1),
(116, 4, 3, 1, 0),
(117, 4, 3, 2, 1),
(118, 4, 3, 3, 1),
(119, 4, 3, 4, 1),
(120, 4, 3, 5, 1),
(121, 4, 4, 1, 0),
(122, 4, 4, 2, 0),
(123, 4, 4, 3, 1),
(124, 4, 4, 4, 1),
(125, 4, 4, 5, 1),
(126, 4, 5, 1, 1),
(127, 4, 5, 2, 1),
(128, 4, 5, 3, 0),
(129, 4, 5, 4, 1),
(130, 4, 5, 5, 0),
(131, 4, 6, 1, 1),
(132, 4, 6, 2, 0),
(133, 4, 6, 3, 0),
(134, 4, 6, 4, 0),
(135, 4, 6, 5, 0),
(136, 4, 7, 1, 1),
(137, 4, 7, 2, 1),
(138, 4, 7, 3, 1),
(139, 4, 7, 4, 1),
(140, 4, 7, 5, 1),
(141, 5, 1, 1, 1),
(142, 5, 1, 2, 0),
(143, 5, 1, 3, 0),
(144, 5, 1, 4, 1),
(145, 5, 1, 5, 1),
(146, 5, 2, 1, 1),
(147, 5, 2, 2, 1),
(148, 5, 2, 3, 1),
(149, 5, 2, 4, 1),
(150, 5, 2, 5, 1),
(151, 5, 3, 1, 1),
(152, 5, 3, 2, 1),
(153, 5, 3, 3, 1),
(154, 5, 3, 4, 0),
(155, 5, 3, 5, 0),
(156, 5, 4, 1, 1),
(157, 5, 4, 2, 0),
(158, 5, 4, 3, 1),
(159, 5, 4, 4, 0),
(160, 5, 4, 5, 0),
(161, 5, 5, 1, 1),
(162, 5, 5, 2, 0),
(163, 5, 5, 3, 0),
(164, 5, 5, 4, 1),
(165, 5, 5, 5, 1),
(166, 5, 6, 1, 1),
(167, 5, 6, 2, 1),
(168, 5, 6, 3, 1),
(169, 5, 6, 4, 1),
(170, 5, 6, 5, 1),
(171, 5, 7, 1, 1),
(172, 5, 7, 2, 1),
(173, 5, 7, 3, 1),
(174, 5, 7, 4, 1),
(175, 5, 7, 5, 1),
(176, 6, 1, 1, 0),
(177, 6, 1, 2, 1),
(178, 6, 1, 3, 0),
(179, 6, 1, 4, 0),
(180, 6, 1, 5, 1),
(181, 6, 2, 1, 1),
(182, 6, 2, 2, 0),
(183, 6, 2, 3, 1),
(184, 6, 2, 4, 0),
(185, 6, 2, 5, 1),
(186, 6, 3, 1, 1),
(187, 6, 3, 2, 1),
(188, 6, 3, 3, 1),
(189, 6, 3, 4, 0),
(190, 6, 3, 5, 1),
(191, 6, 4, 1, 0),
(192, 6, 4, 2, 0),
(193, 6, 4, 3, 0),
(194, 6, 4, 4, 1),
(195, 6, 4, 5, 0),
(196, 6, 5, 1, 0),
(197, 6, 5, 2, 1),
(198, 6, 5, 3, 0),
(199, 6, 5, 4, 0),
(200, 6, 5, 5, 1),
(201, 6, 6, 1, 1),
(202, 6, 6, 2, 0),
(203, 6, 6, 3, 1),
(204, 6, 6, 4, 0),
(205, 6, 6, 5, 1),
(206, 6, 7, 1, 1),
(207, 6, 7, 2, 1),
(208, 6, 7, 3, 1),
(209, 6, 7, 4, 1),
(210, 6, 7, 5, 1),
(211, 7, 1, 1, 1),
(212, 7, 1, 2, 1),
(213, 7, 1, 3, 0),
(214, 7, 1, 4, 1),
(215, 7, 1, 5, 0),
(216, 7, 2, 1, 1),
(217, 7, 2, 2, 0),
(218, 7, 2, 3, 0),
(219, 7, 2, 4, 0),
(220, 7, 2, 5, 1),
(221, 7, 3, 1, 0),
(222, 7, 3, 2, 1),
(223, 7, 3, 3, 1),
(224, 7, 3, 4, 1),
(225, 7, 3, 5, 1),
(226, 7, 4, 1, 0),
(227, 7, 4, 2, 0),
(228, 7, 4, 3, 1),
(229, 7, 4, 4, 1),
(230, 7, 4, 5, 1),
(231, 7, 5, 1, 1),
(232, 7, 5, 2, 1),
(233, 7, 5, 3, 0),
(234, 7, 5, 4, 1),
(235, 7, 5, 5, 0),
(236, 7, 6, 1, 1),
(237, 7, 6, 2, 0),
(238, 7, 6, 3, 0),
(239, 7, 6, 4, 0),
(240, 7, 6, 5, 0),
(241, 7, 7, 1, 1),
(242, 7, 7, 2, 1),
(243, 7, 7, 3, 1),
(244, 7, 7, 4, 1),
(245, 7, 7, 5, 1),
(246, 8, 1, 1, 1),
(247, 8, 1, 2, 0),
(248, 8, 1, 3, 0),
(249, 8, 1, 4, 1),
(250, 8, 1, 5, 1),
(251, 8, 2, 1, 1),
(252, 8, 2, 2, 1),
(253, 8, 2, 3, 1),
(254, 8, 2, 4, 1),
(255, 8, 2, 5, 1),
(256, 8, 3, 1, 1),
(257, 8, 3, 2, 1),
(258, 8, 3, 3, 1),
(259, 8, 3, 4, 0),
(260, 8, 3, 5, 0),
(261, 8, 4, 1, 1),
(262, 8, 4, 2, 0),
(263, 8, 4, 3, 1),
(264, 8, 4, 4, 0),
(265, 8, 4, 5, 0),
(266, 8, 5, 1, 1),
(267, 8, 5, 2, 0),
(268, 8, 5, 3, 0),
(269, 8, 5, 4, 1),
(270, 8, 5, 5, 1),
(271, 8, 6, 1, 1),
(272, 8, 6, 2, 1),
(273, 8, 6, 3, 1),
(274, 8, 6, 4, 1),
(275, 8, 6, 5, 1),
(276, 8, 7, 1, 1),
(277, 8, 7, 2, 1),
(278, 8, 7, 3, 1),
(279, 8, 7, 4, 1),
(280, 8, 7, 5, 1),
(281, 9, 1, 1, 0),
(282, 9, 1, 2, 1),
(283, 9, 1, 3, 0),
(284, 9, 1, 4, 0),
(285, 9, 1, 5, 1),
(286, 9, 2, 1, 1),
(287, 9, 2, 2, 0),
(288, 9, 2, 3, 1),
(289, 9, 2, 4, 0),
(290, 9, 2, 5, 1),
(291, 9, 3, 1, 1),
(292, 9, 3, 2, 1),
(293, 9, 3, 3, 1),
(294, 9, 3, 4, 0),
(295, 9, 3, 5, 1),
(296, 9, 4, 1, 0),
(297, 9, 4, 2, 0),
(298, 9, 4, 3, 0),
(299, 9, 4, 4, 1),
(300, 9, 4, 5, 0),
(301, 9, 5, 1, 0),
(302, 9, 5, 2, 1),
(303, 9, 5, 3, 0),
(304, 9, 5, 4, 0),
(305, 9, 5, 5, 1),
(306, 9, 6, 1, 1),
(307, 9, 6, 2, 0),
(308, 9, 6, 3, 1),
(309, 9, 6, 4, 0),
(310, 9, 6, 5, 1),
(311, 9, 7, 1, 1),
(312, 9, 7, 2, 1),
(313, 9, 7, 3, 1),
(314, 9, 7, 4, 1),
(315, 9, 7, 5, 1),
(316, 10, 1, 1, 1),
(317, 10, 1, 2, 1),
(318, 10, 1, 3, 0),
(319, 10, 1, 4, 1),
(320, 10, 1, 5, 0),
(321, 10, 2, 1, 0),
(322, 10, 2, 2, 0),
(323, 10, 2, 3, 0),
(324, 10, 2, 4, 0),
(325, 10, 2, 5, 1),
(326, 10, 3, 1, 0),
(327, 10, 3, 2, 1),
(328, 10, 3, 3, 1),
(329, 10, 3, 4, 1),
(330, 10, 3, 5, 1),
(331, 10, 4, 1, 0),
(332, 10, 4, 2, 0),
(333, 10, 4, 3, 1),
(334, 10, 4, 4, 1),
(335, 10, 4, 5, 1),
(336, 10, 5, 1, 1),
(337, 10, 5, 2, 1),
(338, 10, 5, 3, 0),
(339, 10, 5, 4, 1),
(340, 10, 5, 5, 0),
(341, 10, 6, 1, 1),
(342, 10, 6, 2, 0),
(343, 10, 6, 3, 0),
(344, 10, 6, 4, 0),
(345, 10, 6, 5, 0),
(346, 10, 7, 1, 1),
(347, 10, 7, 2, 1),
(348, 10, 7, 3, 1),
(349, 10, 7, 4, 1),
(350, 10, 7, 5, 1),
(351, 11, 1, 1, 1),
(352, 11, 1, 2, 0),
(353, 11, 1, 3, 0),
(354, 11, 1, 4, 1),
(355, 11, 1, 5, 1),
(356, 11, 2, 1, 1),
(357, 11, 2, 2, 1),
(358, 11, 2, 3, 1),
(359, 11, 2, 4, 1),
(360, 11, 2, 5, 1),
(361, 11, 3, 1, 1),
(362, 11, 3, 2, 1),
(363, 11, 3, 3, 1),
(364, 11, 3, 4, 0),
(365, 11, 3, 5, 0),
(366, 11, 4, 1, 1),
(367, 11, 4, 2, 0),
(368, 11, 4, 3, 1),
(369, 11, 4, 4, 0),
(370, 11, 4, 5, 0),
(371, 11, 5, 1, 1),
(372, 11, 5, 2, 0),
(373, 11, 5, 3, 0),
(374, 11, 5, 4, 1),
(375, 11, 5, 5, 1),
(376, 11, 6, 1, 1),
(377, 11, 6, 2, 1),
(378, 11, 6, 3, 1),
(379, 11, 6, 4, 1),
(380, 11, 6, 5, 1),
(381, 11, 7, 1, 1),
(382, 11, 7, 2, 1),
(383, 11, 7, 3, 1),
(384, 11, 7, 4, 1),
(385, 11, 7, 5, 1),
(386, 12, 1, 1, 0),
(387, 12, 1, 2, 1),
(388, 12, 1, 3, 0),
(389, 12, 1, 4, 0),
(390, 12, 1, 5, 1),
(391, 12, 2, 1, 1),
(392, 12, 2, 2, 0),
(393, 12, 2, 3, 1),
(394, 12, 2, 4, 0),
(395, 12, 2, 5, 1),
(396, 12, 3, 1, 1),
(397, 12, 3, 2, 1),
(398, 12, 3, 3, 1),
(399, 12, 3, 4, 0),
(400, 12, 3, 5, 1),
(401, 12, 4, 1, 0),
(402, 12, 4, 2, 0),
(403, 12, 4, 3, 0),
(404, 12, 4, 4, 1),
(405, 12, 4, 5, 0),
(406, 12, 5, 1, 0),
(407, 12, 5, 2, 1),
(408, 12, 5, 3, 0),
(409, 12, 5, 4, 0),
(410, 12, 5, 5, 1),
(411, 12, 6, 1, 1),
(412, 12, 6, 2, 0),
(413, 12, 6, 3, 1),
(414, 12, 6, 4, 0),
(415, 12, 6, 5, 1),
(416, 12, 7, 1, 1),
(417, 12, 7, 2, 1),
(418, 12, 7, 3, 1),
(419, 12, 7, 4, 1),
(420, 12, 7, 5, 1),
(421, 13, 1, 1, 1),
(422, 13, 1, 2, 1),
(423, 13, 1, 3, 0),
(424, 13, 1, 4, 1),
(425, 13, 1, 5, 0),
(426, 13, 2, 1, 1),
(427, 13, 2, 2, 0),
(428, 13, 2, 3, 0),
(429, 13, 2, 4, 0),
(430, 13, 2, 5, 1),
(431, 13, 3, 1, 0),
(432, 13, 3, 2, 1),
(433, 13, 3, 3, 1),
(434, 13, 3, 4, 1),
(435, 13, 3, 5, 1),
(436, 13, 4, 1, 0),
(437, 13, 4, 2, 0),
(438, 13, 4, 3, 1),
(439, 13, 4, 4, 1),
(440, 13, 4, 5, 1),
(441, 13, 5, 1, 1),
(442, 13, 5, 2, 1),
(443, 13, 5, 3, 0),
(444, 13, 5, 4, 1),
(445, 13, 5, 5, 0),
(446, 13, 6, 1, 1),
(447, 13, 6, 2, 0),
(448, 13, 6, 3, 0),
(449, 13, 6, 4, 0),
(450, 13, 6, 5, 0),
(451, 13, 7, 1, 1),
(452, 13, 7, 2, 1),
(453, 13, 7, 3, 1),
(454, 13, 7, 4, 1),
(455, 13, 7, 5, 1),
(456, 14, 1, 1, 1),
(457, 14, 1, 2, 0),
(458, 14, 1, 3, 0),
(459, 14, 1, 4, 1),
(460, 14, 1, 5, 1),
(461, 14, 2, 1, 1),
(462, 14, 2, 2, 1),
(463, 14, 2, 3, 1),
(464, 14, 2, 4, 1),
(465, 14, 2, 5, 1),
(466, 14, 3, 1, 1),
(467, 14, 3, 2, 1),
(468, 14, 3, 3, 1),
(469, 14, 3, 4, 0),
(470, 14, 3, 5, 0),
(471, 14, 4, 1, 1),
(472, 14, 4, 2, 0),
(473, 14, 4, 3, 1),
(474, 14, 4, 4, 0),
(475, 14, 4, 5, 0),
(476, 14, 5, 1, 1),
(477, 14, 5, 2, 0),
(478, 14, 5, 3, 0),
(479, 14, 5, 4, 1),
(480, 14, 5, 5, 1),
(481, 14, 6, 1, 1),
(482, 14, 6, 2, 1),
(483, 14, 6, 3, 1),
(484, 14, 6, 4, 1),
(485, 14, 6, 5, 1),
(486, 14, 7, 1, 1),
(487, 14, 7, 2, 1),
(488, 14, 7, 3, 1),
(489, 14, 7, 4, 1),
(490, 14, 7, 5, 1),
(491, 15, 1, 1, 0),
(492, 15, 1, 2, 1),
(493, 15, 1, 3, 0),
(494, 15, 1, 4, 0),
(495, 15, 1, 5, 1),
(496, 15, 2, 1, 1),
(497, 15, 2, 2, 0),
(498, 15, 2, 3, 1),
(499, 15, 2, 4, 0),
(500, 15, 2, 5, 1),
(501, 15, 3, 1, 1),
(502, 15, 3, 2, 1),
(503, 15, 3, 3, 1),
(504, 15, 3, 4, 0),
(505, 15, 3, 5, 1),
(506, 15, 4, 1, 0),
(507, 15, 4, 2, 0),
(508, 15, 4, 3, 0),
(509, 15, 4, 4, 1),
(510, 15, 4, 5, 0),
(511, 15, 5, 1, 0),
(512, 15, 5, 2, 1),
(513, 15, 5, 3, 0),
(514, 15, 5, 4, 0),
(515, 15, 5, 5, 1),
(516, 15, 6, 1, 1),
(517, 15, 6, 2, 0),
(518, 15, 6, 3, 1),
(519, 15, 6, 4, 0),
(520, 15, 6, 5, 1),
(521, 15, 7, 1, 1),
(522, 15, 7, 2, 1),
(523, 15, 7, 3, 1),
(524, 15, 7, 4, 1),
(525, 15, 7, 5, 1),
(526, 16, 1, 1, 1),
(527, 16, 1, 2, 1),
(528, 16, 1, 3, 0),
(529, 16, 1, 4, 1),
(530, 16, 1, 5, 0),
(531, 16, 2, 1, 1),
(532, 16, 2, 2, 0),
(533, 16, 2, 3, 0),
(534, 16, 2, 4, 0),
(535, 16, 2, 5, 1),
(536, 16, 3, 1, 0),
(537, 16, 3, 2, 1),
(538, 16, 3, 3, 1),
(539, 16, 3, 4, 1),
(540, 16, 3, 5, 1),
(541, 16, 4, 1, 0),
(542, 16, 4, 2, 0),
(543, 16, 4, 3, 1),
(544, 16, 4, 4, 1),
(545, 16, 4, 5, 1),
(546, 16, 5, 1, 1),
(547, 16, 5, 2, 1),
(548, 16, 5, 3, 0),
(549, 16, 5, 4, 1),
(550, 16, 5, 5, 0),
(551, 16, 6, 1, 1),
(552, 16, 6, 2, 0),
(553, 16, 6, 3, 0),
(554, 16, 6, 4, 0),
(555, 16, 6, 5, 0),
(556, 16, 7, 1, 1),
(557, 16, 7, 2, 1),
(558, 16, 7, 3, 1),
(559, 16, 7, 4, 1),
(560, 16, 7, 5, 1),
(561, 17, 1, 1, 1),
(562, 17, 1, 2, 0),
(563, 17, 1, 3, 0),
(564, 17, 1, 4, 1),
(565, 17, 1, 5, 1),
(566, 17, 2, 1, 1),
(567, 17, 2, 2, 1),
(568, 17, 2, 3, 1),
(569, 17, 2, 4, 1),
(570, 17, 2, 5, 1),
(571, 17, 3, 1, 1),
(572, 17, 3, 2, 1),
(573, 17, 3, 3, 1),
(574, 17, 3, 4, 0),
(575, 17, 3, 5, 0),
(576, 17, 4, 1, 1),
(577, 17, 4, 2, 0),
(578, 17, 4, 3, 1),
(579, 17, 4, 4, 0),
(580, 17, 4, 5, 0),
(581, 17, 5, 1, 1),
(582, 17, 5, 2, 0),
(583, 17, 5, 3, 0),
(584, 17, 5, 4, 1),
(585, 17, 5, 5, 1),
(586, 17, 6, 1, 1),
(587, 17, 6, 2, 1),
(588, 17, 6, 3, 1),
(589, 17, 6, 4, 1),
(590, 17, 6, 5, 1),
(591, 17, 7, 1, 1),
(592, 17, 7, 2, 1),
(593, 17, 7, 3, 1),
(594, 17, 7, 4, 1),
(595, 17, 7, 5, 1),
(596, 18, 1, 1, 0),
(597, 18, 1, 2, 1),
(598, 18, 1, 3, 0),
(599, 18, 1, 4, 0),
(600, 18, 1, 5, 1),
(601, 18, 2, 1, 1),
(602, 18, 2, 2, 0),
(603, 18, 2, 3, 1),
(604, 18, 2, 4, 0),
(605, 18, 2, 5, 1),
(606, 18, 3, 1, 1),
(607, 18, 3, 2, 1),
(608, 18, 3, 3, 1),
(609, 18, 3, 4, 0),
(610, 18, 3, 5, 1),
(611, 18, 4, 1, 0),
(612, 18, 4, 2, 0),
(613, 18, 4, 3, 0),
(614, 18, 4, 4, 1),
(615, 18, 4, 5, 0),
(616, 18, 5, 1, 0),
(617, 18, 5, 2, 1),
(618, 18, 5, 3, 0),
(619, 18, 5, 4, 0),
(620, 18, 5, 5, 1),
(621, 18, 6, 1, 1),
(622, 18, 6, 2, 0),
(623, 18, 6, 3, 1),
(624, 18, 6, 4, 0),
(625, 18, 6, 5, 1),
(626, 18, 7, 1, 1),
(627, 18, 7, 2, 1),
(628, 18, 7, 3, 1),
(629, 18, 7, 4, 1),
(630, 18, 7, 5, 1),
(631, 19, 1, 1, 1),
(632, 19, 1, 2, 1),
(633, 19, 1, 3, 0),
(634, 19, 1, 4, 1),
(635, 19, 1, 5, 0),
(636, 19, 2, 1, 1),
(637, 19, 2, 2, 0),
(638, 19, 2, 3, 0),
(639, 19, 2, 4, 0),
(640, 19, 2, 5, 1),
(641, 19, 3, 1, 0),
(642, 19, 3, 2, 1),
(643, 19, 3, 3, 1),
(644, 19, 3, 4, 1),
(645, 19, 3, 5, 1),
(646, 19, 4, 1, 0),
(647, 19, 4, 2, 0),
(648, 19, 4, 3, 1),
(649, 19, 4, 4, 1),
(650, 19, 4, 5, 1),
(651, 19, 5, 1, 1),
(652, 19, 5, 2, 1),
(653, 19, 5, 3, 0),
(654, 19, 5, 4, 1),
(655, 19, 5, 5, 0),
(656, 19, 6, 1, 1),
(657, 19, 6, 2, 0),
(658, 19, 6, 3, 0),
(659, 19, 6, 4, 0),
(660, 19, 6, 5, 0),
(661, 19, 7, 1, 1),
(662, 19, 7, 2, 1),
(663, 19, 7, 3, 1),
(664, 19, 7, 4, 1),
(665, 19, 7, 5, 1),
(666, 20, 1, 1, 1),
(667, 20, 1, 2, 0),
(668, 20, 1, 3, 0),
(669, 20, 1, 4, 1),
(670, 20, 1, 5, 1),
(671, 20, 2, 1, 1),
(672, 20, 2, 2, 1),
(673, 20, 2, 3, 1),
(674, 20, 2, 4, 1),
(675, 20, 2, 5, 1),
(676, 20, 3, 1, 1),
(677, 20, 3, 2, 1),
(678, 20, 3, 3, 1),
(679, 20, 3, 4, 0),
(680, 20, 3, 5, 0),
(681, 20, 4, 1, 1),
(682, 20, 4, 2, 0),
(683, 20, 4, 3, 1),
(684, 20, 4, 4, 0),
(685, 20, 4, 5, 0),
(686, 20, 5, 1, 1),
(687, 20, 5, 2, 0),
(688, 20, 5, 3, 0),
(689, 20, 5, 4, 1),
(690, 20, 5, 5, 1),
(691, 20, 6, 1, 1),
(692, 20, 6, 2, 1),
(693, 20, 6, 3, 1),
(694, 20, 6, 4, 1),
(695, 20, 6, 5, 1),
(696, 20, 7, 1, 1),
(697, 20, 7, 2, 1),
(698, 20, 7, 3, 1),
(699, 20, 7, 4, 1),
(700, 20, 7, 5, 1),
(701, 21, 1, 1, 1),
(702, 21, 1, 2, 1),
(703, 21, 1, 3, 0),
(704, 21, 1, 4, 0),
(705, 21, 1, 5, 1),
(706, 21, 2, 1, 1),
(707, 21, 2, 2, 0),
(708, 21, 2, 3, 1),
(709, 21, 2, 4, 0),
(710, 21, 2, 5, 1),
(711, 21, 3, 1, 1),
(712, 21, 3, 2, 1),
(713, 21, 3, 3, 1),
(714, 21, 3, 4, 0),
(715, 21, 3, 5, 1),
(716, 21, 4, 1, 0),
(717, 21, 4, 2, 0),
(718, 21, 4, 3, 0),
(719, 21, 4, 4, 1),
(720, 21, 4, 5, 0),
(721, 21, 5, 1, 0),
(722, 21, 5, 2, 1),
(723, 21, 5, 3, 0),
(724, 21, 5, 4, 0),
(725, 21, 5, 5, 1),
(726, 21, 6, 1, 1),
(727, 21, 6, 2, 0),
(728, 21, 6, 3, 1),
(729, 21, 6, 4, 0),
(730, 21, 6, 5, 1),
(731, 21, 7, 1, 1),
(732, 21, 7, 2, 1),
(733, 21, 7, 3, 1),
(734, 21, 7, 4, 1),
(735, 21, 7, 5, 1),
(736, 22, 1, 1, 1),
(737, 22, 1, 2, 0),
(738, 22, 1, 3, 0),
(739, 22, 1, 4, 1),
(740, 22, 1, 5, 0),
(741, 22, 2, 1, 0),
(742, 22, 2, 2, 0),
(743, 22, 2, 3, 1),
(744, 22, 2, 4, 0),
(745, 22, 2, 5, 1),
(746, 22, 3, 1, 0),
(747, 22, 3, 2, 1),
(748, 22, 3, 3, 1),
(749, 22, 3, 4, 0),
(750, 22, 3, 5, 1),
(751, 22, 4, 1, 0),
(752, 22, 4, 2, 0),
(753, 22, 4, 3, 1),
(754, 22, 4, 4, 0),
(755, 22, 4, 5, 1),
(756, 22, 5, 1, 1),
(757, 22, 5, 2, 0),
(758, 22, 5, 3, 0),
(759, 22, 5, 4, 1),
(760, 22, 5, 5, 0),
(761, 22, 6, 1, 1),
(762, 22, 6, 2, 0),
(763, 22, 6, 3, 1),
(764, 22, 6, 4, 0),
(765, 22, 6, 5, 0),
(766, 22, 7, 1, 1),
(767, 22, 7, 2, 1),
(768, 22, 7, 3, 1),
(769, 22, 7, 4, 1),
(770, 22, 7, 5, 1),
(771, 23, 1, 1, 1),
(772, 23, 1, 2, 0),
(773, 23, 1, 3, 0),
(774, 23, 1, 4, 1),
(775, 23, 1, 5, 1),
(776, 23, 2, 1, 1),
(777, 23, 2, 2, 1),
(778, 23, 2, 3, 1),
(779, 23, 2, 4, 1),
(780, 23, 2, 5, 1),
(781, 23, 3, 1, 1),
(782, 23, 3, 2, 1),
(783, 23, 3, 3, 1),
(784, 23, 3, 4, 0),
(785, 23, 3, 5, 0),
(786, 23, 4, 1, 1),
(787, 23, 4, 2, 0),
(788, 23, 4, 3, 1),
(789, 23, 4, 4, 0),
(790, 23, 4, 5, 0),
(791, 23, 5, 1, 1),
(792, 23, 5, 2, 0),
(793, 23, 5, 3, 0),
(794, 23, 5, 4, 1),
(795, 23, 5, 5, 1),
(796, 23, 6, 1, 1),
(797, 23, 6, 2, 0),
(798, 23, 6, 3, 1),
(799, 23, 6, 4, 1),
(800, 23, 6, 5, 1),
(801, 23, 7, 1, 1),
(802, 23, 7, 2, 1),
(803, 23, 7, 3, 1),
(804, 23, 7, 4, 1),
(805, 23, 7, 5, 1),
(806, 24, 1, 1, 0),
(807, 24, 1, 2, 1),
(808, 24, 1, 3, 0),
(809, 24, 1, 4, 0),
(810, 24, 1, 5, 1),
(811, 24, 2, 1, 1),
(812, 24, 2, 2, 0),
(813, 24, 2, 3, 1),
(814, 24, 2, 4, 0),
(815, 24, 2, 5, 1),
(816, 24, 3, 1, 1),
(817, 24, 3, 2, 1),
(818, 24, 3, 3, 1),
(819, 24, 3, 4, 0),
(820, 24, 3, 5, 1),
(821, 24, 4, 1, 0),
(822, 24, 4, 2, 0),
(823, 24, 4, 3, 0),
(824, 24, 4, 4, 1),
(825, 24, 4, 5, 0),
(826, 24, 5, 1, 0),
(827, 24, 5, 2, 1),
(828, 24, 5, 3, 0),
(829, 24, 5, 4, 0),
(830, 24, 5, 5, 1),
(831, 24, 6, 1, 1),
(832, 24, 6, 2, 0),
(833, 24, 6, 3, 1),
(834, 24, 6, 4, 0),
(835, 24, 6, 5, 1),
(836, 24, 7, 1, 1),
(837, 24, 7, 2, 1),
(838, 24, 7, 3, 1),
(839, 24, 7, 4, 1),
(840, 24, 7, 5, 1),
(841, 25, 1, 1, 1),
(842, 25, 1, 2, 1),
(843, 25, 1, 3, 0),
(844, 25, 1, 4, 1),
(845, 25, 1, 5, 0),
(846, 25, 2, 1, 1),
(847, 25, 2, 2, 0),
(848, 25, 2, 3, 0),
(849, 25, 2, 4, 0),
(850, 25, 2, 5, 1),
(851, 25, 3, 1, 0),
(852, 25, 3, 2, 1),
(853, 25, 3, 3, 1),
(854, 25, 3, 4, 1),
(855, 25, 3, 5, 1),
(856, 25, 4, 1, 0),
(857, 25, 4, 2, 0),
(858, 25, 4, 3, 1),
(859, 25, 4, 4, 1),
(860, 25, 4, 5, 1),
(861, 25, 5, 1, 1),
(862, 25, 5, 2, 1),
(863, 25, 5, 3, 0),
(864, 25, 5, 4, 1),
(865, 25, 5, 5, 0),
(866, 25, 6, 1, 1),
(867, 25, 6, 2, 0),
(868, 25, 6, 3, 0),
(869, 25, 6, 4, 0),
(870, 25, 6, 5, 0),
(871, 25, 7, 1, 1),
(872, 25, 7, 2, 1),
(873, 25, 7, 3, 1),
(874, 25, 7, 4, 1),
(875, 25, 7, 5, 1),
(876, 26, 1, 1, 1),
(877, 26, 1, 2, 0),
(878, 26, 1, 3, 0),
(879, 26, 1, 4, 1),
(880, 26, 1, 5, 1),
(881, 26, 2, 1, 1),
(882, 26, 2, 2, 1),
(883, 26, 2, 3, 1),
(884, 26, 2, 4, 1),
(885, 26, 2, 5, 1),
(886, 26, 3, 1, 1),
(887, 26, 3, 2, 1),
(888, 26, 3, 3, 1),
(889, 26, 3, 4, 0),
(890, 26, 3, 5, 0),
(891, 26, 4, 1, 1),
(892, 26, 4, 2, 0),
(893, 26, 4, 3, 1),
(894, 26, 4, 4, 0),
(895, 26, 4, 5, 0),
(896, 26, 5, 1, 1),
(897, 26, 5, 2, 0),
(898, 26, 5, 3, 0),
(899, 26, 5, 4, 1),
(900, 26, 5, 5, 1),
(901, 26, 6, 1, 1),
(902, 26, 6, 2, 1),
(903, 26, 6, 3, 1),
(904, 26, 6, 4, 1),
(905, 26, 6, 5, 1),
(906, 26, 7, 1, 1),
(907, 26, 7, 2, 1),
(908, 26, 7, 3, 1),
(909, 26, 7, 4, 1),
(910, 26, 7, 5, 1),
(911, 27, 1, 1, 0),
(912, 27, 1, 2, 1),
(913, 27, 1, 3, 0),
(914, 27, 1, 4, 0),
(915, 27, 1, 5, 1),
(916, 27, 2, 1, 1),
(917, 27, 2, 2, 0),
(918, 27, 2, 3, 1),
(919, 27, 2, 4, 0),
(920, 27, 2, 5, 1),
(921, 27, 3, 1, 1),
(922, 27, 3, 2, 1),
(923, 27, 3, 3, 1),
(924, 27, 3, 4, 0),
(925, 27, 3, 5, 1),
(926, 27, 4, 1, 0),
(927, 27, 4, 2, 0),
(928, 27, 4, 3, 0),
(929, 27, 4, 4, 1),
(930, 27, 4, 5, 0),
(931, 27, 5, 1, 0),
(932, 27, 5, 2, 1),
(933, 27, 5, 3, 0),
(934, 27, 5, 4, 0),
(935, 27, 5, 5, 1),
(936, 27, 6, 1, 1),
(937, 27, 6, 2, 0),
(938, 27, 6, 3, 1),
(939, 27, 6, 4, 0),
(940, 27, 6, 5, 1),
(941, 27, 7, 1, 1),
(942, 27, 7, 2, 1),
(943, 27, 7, 3, 1),
(944, 27, 7, 4, 1),
(945, 27, 7, 5, 1),
(946, 28, 1, 1, 1),
(947, 28, 1, 2, 1),
(948, 28, 1, 3, 0),
(949, 28, 1, 4, 1),
(950, 28, 1, 5, 0),
(951, 28, 2, 1, 1),
(952, 28, 2, 2, 0),
(953, 28, 2, 3, 0),
(954, 28, 2, 4, 0),
(955, 28, 2, 5, 1),
(956, 28, 3, 1, 0),
(957, 28, 3, 2, 1),
(958, 28, 3, 3, 1),
(959, 28, 3, 4, 1),
(960, 28, 3, 5, 1),
(961, 28, 4, 1, 0),
(962, 28, 4, 2, 0),
(963, 28, 4, 3, 1),
(964, 28, 4, 4, 1),
(965, 28, 4, 5, 1),
(966, 28, 5, 1, 1),
(967, 28, 5, 2, 1),
(968, 28, 5, 3, 0),
(969, 28, 5, 4, 1),
(970, 28, 5, 5, 0),
(971, 28, 6, 1, 1),
(972, 28, 6, 2, 0),
(973, 28, 6, 3, 0),
(974, 28, 6, 4, 0),
(975, 28, 6, 5, 0),
(976, 28, 7, 1, 1),
(977, 28, 7, 2, 1),
(978, 28, 7, 3, 1),
(979, 28, 7, 4, 1),
(980, 28, 7, 5, 1),
(981, 29, 1, 1, 1),
(982, 29, 1, 2, 0),
(983, 29, 1, 3, 0),
(984, 29, 1, 4, 1),
(985, 29, 1, 5, 1),
(986, 29, 2, 1, 1),
(987, 29, 2, 2, 1),
(988, 29, 2, 3, 1),
(989, 29, 2, 4, 1),
(990, 29, 2, 5, 1),
(991, 29, 3, 1, 1),
(992, 29, 3, 2, 1),
(993, 29, 3, 3, 1),
(994, 29, 3, 4, 0),
(995, 29, 3, 5, 0),
(996, 29, 4, 1, 1),
(997, 29, 4, 2, 0),
(998, 29, 4, 3, 1),
(999, 29, 4, 4, 0),
(1000, 29, 4, 5, 0),
(1001, 29, 5, 1, 1),
(1002, 29, 5, 2, 0),
(1003, 29, 5, 3, 0),
(1004, 29, 5, 4, 1),
(1005, 29, 5, 5, 1),
(1006, 29, 6, 1, 1),
(1007, 29, 6, 2, 1),
(1008, 29, 6, 3, 1),
(1009, 29, 6, 4, 1),
(1010, 29, 6, 5, 1),
(1011, 29, 7, 1, 1),
(1012, 29, 7, 2, 1),
(1013, 29, 7, 3, 1),
(1014, 29, 7, 4, 1),
(1015, 29, 7, 5, 1),
(1016, 30, 1, 1, 0),
(1017, 30, 1, 2, 1),
(1018, 30, 1, 3, 0),
(1019, 30, 1, 4, 0),
(1020, 30, 1, 5, 1),
(1021, 30, 2, 1, 1),
(1022, 30, 2, 2, 0),
(1023, 30, 2, 3, 1),
(1024, 30, 2, 4, 0),
(1025, 30, 2, 5, 1),
(1026, 30, 3, 1, 1),
(1027, 30, 3, 2, 1),
(1028, 30, 3, 3, 1),
(1029, 30, 3, 4, 0),
(1030, 30, 3, 5, 1),
(1031, 30, 4, 1, 0),
(1032, 30, 4, 2, 0),
(1033, 30, 4, 3, 0),
(1034, 30, 4, 4, 1),
(1035, 30, 4, 5, 0),
(1036, 30, 5, 1, 0),
(1037, 30, 5, 2, 1),
(1038, 30, 5, 3, 0),
(1039, 30, 5, 4, 0),
(1040, 30, 5, 5, 1),
(1041, 30, 6, 1, 1),
(1042, 30, 6, 2, 0),
(1043, 30, 6, 3, 1),
(1044, 30, 6, 4, 0),
(1045, 30, 6, 5, 1),
(1046, 30, 7, 1, 1),
(1047, 30, 7, 2, 1),
(1048, 30, 7, 3, 1),
(1049, 30, 7, 4, 1),
(1050, 30, 7, 5, 1),
(1051, 31, 1, 1, 1),
(1052, 31, 1, 2, 1),
(1053, 31, 1, 3, 0),
(1054, 31, 1, 4, 1),
(1055, 31, 1, 5, 0),
(1056, 31, 2, 1, 1),
(1057, 31, 2, 2, 0),
(1058, 31, 2, 3, 0),
(1059, 31, 2, 4, 0),
(1060, 31, 2, 5, 1),
(1061, 31, 3, 1, 0),
(1062, 31, 3, 2, 1),
(1063, 31, 3, 3, 1),
(1064, 31, 3, 4, 1),
(1065, 31, 3, 5, 1),
(1066, 31, 4, 1, 0),
(1067, 31, 4, 2, 0),
(1068, 31, 4, 3, 1),
(1069, 31, 4, 4, 1),
(1070, 31, 4, 5, 1),
(1071, 31, 5, 1, 1),
(1072, 31, 5, 2, 1),
(1073, 31, 5, 3, 0),
(1074, 31, 5, 4, 1),
(1075, 31, 5, 5, 0),
(1076, 31, 6, 1, 1),
(1077, 31, 6, 2, 0),
(1078, 31, 6, 3, 0),
(1079, 31, 6, 4, 0),
(1080, 31, 6, 5, 0),
(1081, 31, 7, 1, 1),
(1082, 31, 7, 2, 1),
(1083, 31, 7, 3, 1),
(1084, 31, 7, 4, 1),
(1085, 31, 7, 5, 1),
(1086, 32, 1, 1, 1),
(1087, 32, 1, 2, 0),
(1088, 32, 1, 3, 0),
(1089, 32, 1, 4, 1),
(1090, 32, 1, 5, 1),
(1091, 32, 2, 1, 1),
(1092, 32, 2, 2, 1),
(1093, 32, 2, 3, 1),
(1094, 32, 2, 4, 1),
(1095, 32, 2, 5, 1),
(1096, 32, 3, 1, 1),
(1097, 32, 3, 2, 1),
(1098, 32, 3, 3, 1),
(1099, 32, 3, 4, 0),
(1100, 32, 3, 5, 0),
(1101, 32, 4, 1, 1),
(1102, 32, 4, 2, 0),
(1103, 32, 4, 3, 1),
(1104, 32, 4, 4, 0),
(1105, 32, 4, 5, 0),
(1106, 32, 5, 1, 1),
(1107, 32, 5, 2, 0),
(1108, 32, 5, 3, 0),
(1109, 32, 5, 4, 1),
(1110, 32, 5, 5, 1),
(1111, 32, 6, 1, 1),
(1112, 32, 6, 2, 1),
(1113, 32, 6, 3, 1),
(1114, 32, 6, 4, 1),
(1115, 32, 6, 5, 1),
(1116, 32, 7, 1, 1),
(1117, 32, 7, 2, 1),
(1118, 32, 7, 3, 1),
(1119, 32, 7, 4, 1),
(1120, 32, 7, 5, 1),
(1121, 33, 1, 1, 0),
(1122, 33, 1, 2, 1),
(1123, 33, 1, 3, 0),
(1124, 33, 1, 4, 0),
(1125, 33, 1, 5, 1),
(1126, 33, 2, 1, 1),
(1127, 33, 2, 2, 0),
(1128, 33, 2, 3, 1),
(1129, 33, 2, 4, 0),
(1130, 33, 2, 5, 1),
(1131, 33, 3, 1, 1),
(1132, 33, 3, 2, 1),
(1133, 33, 3, 3, 1),
(1134, 33, 3, 4, 0),
(1135, 33, 3, 5, 1),
(1136, 33, 4, 1, 0),
(1137, 33, 4, 2, 0),
(1138, 33, 4, 3, 0),
(1139, 33, 4, 4, 1),
(1140, 33, 4, 5, 0),
(1141, 33, 5, 1, 0),
(1142, 33, 5, 2, 1),
(1143, 33, 5, 3, 0),
(1144, 33, 5, 4, 0),
(1145, 33, 5, 5, 1),
(1146, 33, 6, 1, 1),
(1147, 33, 6, 2, 0),
(1148, 33, 6, 3, 1),
(1149, 33, 6, 4, 0),
(1150, 33, 6, 5, 1),
(1151, 33, 7, 1, 1),
(1152, 33, 7, 2, 1),
(1153, 33, 7, 3, 1),
(1154, 33, 7, 4, 1),
(1155, 33, 7, 5, 1),
(1156, 34, 1, 1, 1),
(1157, 34, 1, 2, 1),
(1158, 34, 1, 3, 0),
(1159, 34, 1, 4, 1),
(1160, 34, 1, 5, 0),
(1161, 34, 2, 1, 1),
(1162, 34, 2, 2, 0),
(1163, 34, 2, 3, 0),
(1164, 34, 2, 4, 0),
(1165, 34, 2, 5, 1),
(1166, 34, 3, 1, 0),
(1167, 34, 3, 2, 1),
(1168, 34, 3, 3, 1),
(1169, 34, 3, 4, 1),
(1170, 34, 3, 5, 1),
(1171, 34, 4, 1, 0),
(1172, 34, 4, 2, 0),
(1173, 34, 4, 3, 1),
(1174, 34, 4, 4, 1),
(1175, 34, 4, 5, 1),
(1176, 34, 5, 1, 1),
(1177, 34, 5, 2, 1),
(1178, 34, 5, 3, 0),
(1179, 34, 5, 4, 1),
(1180, 34, 5, 5, 0),
(1181, 34, 6, 1, 1),
(1182, 34, 6, 2, 0),
(1183, 34, 6, 3, 0),
(1184, 34, 6, 4, 0),
(1185, 34, 6, 5, 0),
(1186, 34, 7, 1, 1),
(1187, 34, 7, 2, 1),
(1188, 34, 7, 3, 1),
(1189, 34, 7, 4, 1),
(1190, 34, 7, 5, 1),
(1191, 35, 1, 1, 1),
(1192, 35, 1, 2, 0),
(1193, 35, 1, 3, 0),
(1194, 35, 1, 4, 1),
(1195, 35, 1, 5, 1),
(1196, 35, 2, 1, 1),
(1197, 35, 2, 2, 1),
(1198, 35, 2, 3, 1),
(1199, 35, 2, 4, 1),
(1200, 35, 2, 5, 1),
(1201, 35, 3, 1, 1),
(1202, 35, 3, 2, 1),
(1203, 35, 3, 3, 1),
(1204, 35, 3, 4, 0),
(1205, 35, 3, 5, 0),
(1206, 35, 4, 1, 1),
(1207, 35, 4, 2, 0),
(1208, 35, 4, 3, 1),
(1209, 35, 4, 4, 0),
(1210, 35, 4, 5, 0),
(1211, 35, 5, 1, 1),
(1212, 35, 5, 2, 0),
(1213, 35, 5, 3, 0),
(1214, 35, 5, 4, 1),
(1215, 35, 5, 5, 1),
(1216, 35, 6, 1, 1),
(1217, 35, 6, 2, 1),
(1218, 35, 6, 3, 1),
(1219, 35, 6, 4, 1),
(1220, 35, 6, 5, 1),
(1221, 35, 7, 1, 1),
(1222, 35, 7, 2, 1),
(1223, 35, 7, 3, 1),
(1224, 35, 7, 4, 1),
(1225, 35, 7, 5, 1),
(1226, 36, 1, 1, 0),
(1227, 36, 1, 2, 1),
(1228, 36, 1, 3, 0),
(1229, 36, 1, 4, 0),
(1230, 36, 1, 5, 1),
(1231, 36, 2, 1, 1),
(1232, 36, 2, 2, 0),
(1233, 36, 2, 3, 1),
(1234, 36, 2, 4, 0),
(1235, 36, 2, 5, 1),
(1236, 36, 3, 1, 1),
(1237, 36, 3, 2, 1),
(1238, 36, 3, 3, 1),
(1239, 36, 3, 4, 0),
(1240, 36, 3, 5, 1),
(1241, 36, 4, 1, 0),
(1242, 36, 4, 2, 0),
(1243, 36, 4, 3, 0),
(1244, 36, 4, 4, 1),
(1245, 36, 4, 5, 0),
(1246, 36, 5, 1, 0),
(1247, 36, 5, 2, 1),
(1248, 36, 5, 3, 0),
(1249, 36, 5, 4, 0),
(1250, 36, 5, 5, 1),
(1251, 36, 6, 1, 1),
(1252, 36, 6, 2, 0),
(1253, 36, 6, 3, 1),
(1254, 36, 6, 4, 0),
(1255, 36, 6, 5, 1),
(1256, 36, 7, 1, 1),
(1257, 36, 7, 2, 1),
(1258, 36, 7, 3, 1),
(1259, 36, 7, 4, 1),
(1260, 36, 7, 5, 1),
(1261, 37, 1, 1, 1),
(1262, 37, 1, 2, 1),
(1263, 37, 1, 3, 0),
(1264, 37, 1, 4, 1),
(1265, 37, 1, 5, 0),
(1266, 37, 2, 1, 1),
(1267, 37, 2, 2, 0),
(1268, 37, 2, 3, 0),
(1269, 37, 2, 4, 0),
(1270, 37, 2, 5, 1),
(1271, 37, 3, 1, 0),
(1272, 37, 3, 2, 1),
(1273, 37, 3, 3, 1),
(1274, 37, 3, 4, 1),
(1275, 37, 3, 5, 1),
(1276, 37, 4, 1, 0),
(1277, 37, 4, 2, 0),
(1278, 37, 4, 3, 1),
(1279, 37, 4, 4, 1),
(1280, 37, 4, 5, 1),
(1281, 37, 5, 1, 1),
(1282, 37, 5, 2, 1),
(1283, 37, 5, 3, 0),
(1284, 37, 5, 4, 1),
(1285, 37, 5, 5, 0),
(1286, 37, 6, 1, 1),
(1287, 37, 6, 2, 0),
(1288, 37, 6, 3, 0),
(1289, 37, 6, 4, 0),
(1290, 37, 6, 5, 0),
(1291, 37, 7, 1, 1),
(1292, 37, 7, 2, 1),
(1293, 37, 7, 3, 1),
(1294, 37, 7, 4, 1),
(1295, 37, 7, 5, 1),
(1296, 38, 1, 1, 1),
(1297, 38, 1, 2, 0),
(1298, 38, 1, 3, 0),
(1299, 38, 1, 4, 1),
(1300, 38, 1, 5, 1),
(1301, 38, 2, 1, 1),
(1302, 38, 2, 2, 1),
(1303, 38, 2, 3, 1),
(1304, 38, 2, 4, 1),
(1305, 38, 2, 5, 1),
(1306, 38, 3, 1, 1),
(1307, 38, 3, 2, 1),
(1308, 38, 3, 3, 1),
(1309, 38, 3, 4, 0),
(1310, 38, 3, 5, 0),
(1311, 38, 4, 1, 1),
(1312, 38, 4, 2, 0),
(1313, 38, 4, 3, 1),
(1314, 38, 4, 4, 0),
(1315, 38, 4, 5, 0),
(1316, 38, 5, 1, 1),
(1317, 38, 5, 2, 0),
(1318, 38, 5, 3, 0),
(1319, 38, 5, 4, 1),
(1320, 38, 5, 5, 1),
(1321, 38, 6, 1, 1),
(1322, 38, 6, 2, 1),
(1323, 38, 6, 3, 1),
(1324, 38, 6, 4, 1),
(1325, 38, 6, 5, 1),
(1326, 38, 7, 1, 1),
(1327, 38, 7, 2, 1),
(1328, 38, 7, 3, 1),
(1329, 38, 7, 4, 1),
(1330, 38, 7, 5, 1),
(1331, 39, 1, 1, 0),
(1332, 39, 1, 2, 1),
(1333, 39, 1, 3, 0),
(1334, 39, 1, 4, 0),
(1335, 39, 1, 5, 1),
(1336, 39, 2, 1, 1),
(1337, 39, 2, 2, 0),
(1338, 39, 2, 3, 1),
(1339, 39, 2, 4, 0),
(1340, 39, 2, 5, 1),
(1341, 39, 3, 1, 1),
(1342, 39, 3, 2, 1),
(1343, 39, 3, 3, 1),
(1344, 39, 3, 4, 0),
(1345, 39, 3, 5, 1),
(1346, 39, 4, 1, 0),
(1347, 39, 4, 2, 0),
(1348, 39, 4, 3, 0),
(1349, 39, 4, 4, 1),
(1350, 39, 4, 5, 0),
(1351, 39, 5, 1, 0),
(1352, 39, 5, 2, 1),
(1353, 39, 5, 3, 0),
(1354, 39, 5, 4, 0),
(1355, 39, 5, 5, 1),
(1356, 39, 6, 1, 1),
(1357, 39, 6, 2, 0),
(1358, 39, 6, 3, 1),
(1359, 39, 6, 4, 0),
(1360, 39, 6, 5, 1),
(1361, 39, 7, 1, 1),
(1362, 39, 7, 2, 1),
(1363, 39, 7, 3, 1),
(1364, 39, 7, 4, 1),
(1365, 39, 7, 5, 1),
(1366, 40, 1, 1, 1),
(1367, 40, 1, 2, 1),
(1368, 40, 1, 3, 0),
(1369, 40, 1, 4, 1),
(1370, 40, 1, 5, 0),
(1371, 40, 2, 1, 1),
(1372, 40, 2, 2, 0),
(1373, 40, 2, 3, 0),
(1374, 40, 2, 4, 0),
(1375, 40, 2, 5, 1),
(1376, 40, 3, 1, 0),
(1377, 40, 3, 2, 1),
(1378, 40, 3, 3, 1),
(1379, 40, 3, 4, 1),
(1380, 40, 3, 5, 1),
(1381, 40, 4, 1, 0),
(1382, 40, 4, 2, 0),
(1383, 40, 4, 3, 1),
(1384, 40, 4, 4, 1),
(1385, 40, 4, 5, 1),
(1386, 40, 5, 1, 1),
(1387, 40, 5, 2, 1),
(1388, 40, 5, 3, 0),
(1389, 40, 5, 4, 1),
(1390, 40, 5, 5, 0),
(1391, 40, 6, 1, 1),
(1392, 40, 6, 2, 0),
(1393, 40, 6, 3, 0),
(1394, 40, 6, 4, 0),
(1395, 40, 6, 5, 0),
(1396, 40, 7, 1, 1),
(1397, 40, 7, 2, 1),
(1398, 40, 7, 3, 1),
(1399, 40, 7, 4, 1),
(1400, 40, 7, 5, 1),
(1401, 41, 1, 1, 0),
(1402, 41, 1, 2, 0),
(1403, 41, 1, 3, 0),
(1404, 41, 1, 4, 0),
(1405, 41, 1, 5, 0),
(1406, 41, 2, 1, 0),
(1407, 41, 2, 2, 0),
(1408, 41, 2, 3, 0),
(1409, 41, 2, 4, 0),
(1410, 41, 2, 5, 0),
(1411, 41, 3, 1, 0),
(1412, 41, 3, 2, 0),
(1413, 41, 3, 3, 0),
(1414, 41, 3, 4, 0),
(1415, 41, 3, 5, 0),
(1416, 41, 4, 1, 0),
(1417, 41, 4, 2, 0),
(1418, 41, 4, 3, 0),
(1419, 41, 4, 4, 0),
(1420, 41, 4, 5, 0),
(1421, 41, 5, 1, 0),
(1422, 41, 5, 2, 0),
(1423, 41, 5, 3, 0),
(1424, 41, 5, 4, 0),
(1425, 41, 5, 5, 0),
(1426, 41, 6, 1, 0),
(1427, 41, 6, 2, 0),
(1428, 41, 6, 3, 0),
(1429, 41, 6, 4, 0),
(1430, 41, 6, 5, 0),
(1431, 41, 7, 1, 1),
(1432, 41, 7, 2, 1),
(1433, 41, 7, 3, 1),
(1434, 41, 7, 4, 1),
(1435, 41, 7, 5, 1),
(1436, 42, 1, 1, 0),
(1437, 42, 1, 2, 1),
(1438, 42, 1, 3, 0),
(1439, 42, 1, 4, 0),
(1440, 42, 1, 5, 1),
(1441, 42, 2, 1, 1),
(1442, 42, 2, 2, 0),
(1443, 42, 2, 3, 1),
(1444, 42, 2, 4, 0),
(1445, 42, 2, 5, 1),
(1446, 42, 3, 1, 1),
(1447, 42, 3, 2, 1),
(1448, 42, 3, 3, 1),
(1449, 42, 3, 4, 0),
(1450, 42, 3, 5, 1),
(1451, 42, 4, 1, 0),
(1452, 42, 4, 2, 0),
(1453, 42, 4, 3, 0),
(1454, 42, 4, 4, 1),
(1455, 42, 4, 5, 0),
(1456, 42, 5, 1, 0),
(1457, 42, 5, 2, 1),
(1458, 42, 5, 3, 0),
(1459, 42, 5, 4, 0),
(1460, 42, 5, 5, 1),
(1461, 42, 6, 1, 1),
(1462, 42, 6, 2, 0),
(1463, 42, 6, 3, 1),
(1464, 42, 6, 4, 0),
(1465, 42, 6, 5, 1),
(1466, 42, 7, 1, 1),
(1467, 42, 7, 2, 1),
(1468, 42, 7, 3, 1),
(1469, 42, 7, 4, 1),
(1470, 42, 7, 5, 1),
(1471, 43, 1, 1, 1),
(1472, 43, 1, 2, 1),
(1473, 43, 1, 3, 0),
(1474, 43, 1, 4, 1),
(1475, 43, 1, 5, 0),
(1476, 43, 2, 1, 1),
(1477, 43, 2, 2, 0),
(1478, 43, 2, 3, 0),
(1479, 43, 2, 4, 0),
(1480, 43, 2, 5, 1),
(1481, 43, 3, 1, 0),
(1482, 43, 3, 2, 1),
(1483, 43, 3, 3, 1),
(1484, 43, 3, 4, 1),
(1485, 43, 3, 5, 1),
(1486, 43, 4, 1, 0),
(1487, 43, 4, 2, 0),
(1488, 43, 4, 3, 1),
(1489, 43, 4, 4, 1),
(1490, 43, 4, 5, 1),
(1491, 43, 5, 1, 1),
(1492, 43, 5, 2, 1),
(1493, 43, 5, 3, 0),
(1494, 43, 5, 4, 1),
(1495, 43, 5, 5, 0),
(1496, 43, 6, 1, 1),
(1497, 43, 6, 2, 0),
(1498, 43, 6, 3, 0),
(1499, 43, 6, 4, 0),
(1500, 43, 6, 5, 0),
(1501, 43, 7, 1, 1),
(1502, 43, 7, 2, 1),
(1503, 43, 7, 3, 1),
(1504, 43, 7, 4, 1),
(1505, 43, 7, 5, 1),
(1506, 44, 1, 1, 1),
(1507, 44, 1, 2, 1),
(1508, 44, 1, 3, 0),
(1509, 44, 1, 4, 1),
(1510, 44, 1, 5, 0),
(1511, 44, 2, 1, 1),
(1512, 44, 2, 2, 0),
(1513, 44, 2, 3, 0),
(1514, 44, 2, 4, 0),
(1515, 44, 2, 5, 1),
(1516, 44, 3, 1, 0),
(1517, 44, 3, 2, 1),
(1518, 44, 3, 3, 1),
(1519, 44, 3, 4, 1),
(1520, 44, 3, 5, 1),
(1521, 44, 4, 1, 0),
(1522, 44, 4, 2, 0),
(1523, 44, 4, 3, 1),
(1524, 44, 4, 4, 1),
(1525, 44, 4, 5, 1),
(1526, 44, 5, 1, 1),
(1527, 44, 5, 2, 1),
(1528, 44, 5, 3, 0),
(1529, 44, 5, 4, 1),
(1530, 44, 5, 5, 0),
(1531, 44, 6, 1, 1),
(1532, 44, 6, 2, 0),
(1533, 44, 6, 3, 0),
(1534, 44, 6, 4, 0),
(1535, 44, 6, 5, 0),
(1536, 44, 7, 1, 1),
(1537, 44, 7, 2, 1),
(1538, 44, 7, 3, 1),
(1539, 44, 7, 4, 1),
(1540, 44, 7, 5, 1),
(1541, 45, 1, 1, 1),
(1542, 45, 1, 2, 0),
(1543, 45, 1, 3, 0),
(1544, 45, 1, 4, 1),
(1545, 45, 1, 5, 1),
(1546, 45, 2, 1, 1),
(1547, 45, 2, 2, 1),
(1548, 45, 2, 3, 1),
(1549, 45, 2, 4, 1),
(1550, 45, 2, 5, 1),
(1551, 45, 3, 1, 1),
(1552, 45, 3, 2, 1),
(1553, 45, 3, 3, 1),
(1554, 45, 3, 4, 0),
(1555, 45, 3, 5, 0),
(1556, 45, 4, 1, 1),
(1557, 45, 4, 2, 0),
(1558, 45, 4, 3, 1),
(1559, 45, 4, 4, 0),
(1560, 45, 4, 5, 0),
(1561, 45, 5, 1, 1),
(1562, 45, 5, 2, 0),
(1563, 45, 5, 3, 0),
(1564, 45, 5, 4, 1),
(1565, 45, 5, 5, 1),
(1566, 45, 6, 1, 1),
(1567, 45, 6, 2, 1),
(1568, 45, 6, 3, 1),
(1569, 45, 6, 4, 1),
(1570, 45, 6, 5, 1),
(1571, 45, 7, 1, 1),
(1572, 45, 7, 2, 1),
(1573, 45, 7, 3, 1),
(1574, 45, 7, 4, 1),
(1575, 45, 7, 5, 1),
(1576, 46, 1, 1, 1),
(1577, 46, 1, 2, 1),
(1578, 46, 1, 3, 0),
(1579, 46, 1, 4, 1),
(1580, 46, 1, 5, 0),
(1581, 46, 2, 1, 1),
(1582, 46, 2, 2, 0),
(1583, 46, 2, 3, 0),
(1584, 46, 2, 4, 0),
(1585, 46, 2, 5, 1),
(1586, 46, 3, 1, 0),
(1587, 46, 3, 2, 1),
(1588, 46, 3, 3, 1),
(1589, 46, 3, 4, 1),
(1590, 46, 3, 5, 1),
(1591, 46, 4, 1, 0),
(1592, 46, 4, 2, 0),
(1593, 46, 4, 3, 1),
(1594, 46, 4, 4, 1),
(1595, 46, 4, 5, 1),
(1596, 46, 5, 1, 1),
(1597, 46, 5, 2, 1),
(1598, 46, 5, 3, 0),
(1599, 46, 5, 4, 1),
(1600, 46, 5, 5, 0),
(1601, 46, 6, 1, 1),
(1602, 46, 6, 2, 0),
(1603, 46, 6, 3, 0),
(1604, 46, 6, 4, 0),
(1605, 46, 6, 5, 0),
(1606, 46, 7, 1, 1),
(1607, 46, 7, 2, 1),
(1608, 46, 7, 3, 1),
(1609, 46, 7, 4, 1),
(1610, 46, 7, 5, 1),
(1611, 47, 1, 1, 0),
(1612, 47, 1, 2, 1),
(1613, 47, 1, 3, 0),
(1614, 47, 1, 4, 0),
(1615, 47, 1, 5, 1),
(1616, 47, 2, 1, 1),
(1617, 47, 2, 2, 0),
(1618, 47, 2, 3, 1),
(1619, 47, 2, 4, 0),
(1620, 47, 2, 5, 1),
(1621, 47, 3, 1, 1),
(1622, 47, 3, 2, 1),
(1623, 47, 3, 3, 1),
(1624, 47, 3, 4, 0),
(1625, 47, 3, 5, 1),
(1626, 47, 4, 1, 0),
(1627, 47, 4, 2, 0),
(1628, 47, 4, 3, 0),
(1629, 47, 4, 4, 1),
(1630, 47, 4, 5, 0),
(1631, 47, 5, 1, 0),
(1632, 47, 5, 2, 1),
(1633, 47, 5, 3, 0),
(1634, 47, 5, 4, 0),
(1635, 47, 5, 5, 1),
(1636, 47, 6, 1, 1),
(1637, 47, 6, 2, 0),
(1638, 47, 6, 3, 1),
(1639, 47, 6, 4, 0),
(1640, 47, 6, 5, 1),
(1641, 47, 7, 1, 1),
(1642, 47, 7, 2, 1),
(1643, 47, 7, 3, 1),
(1644, 47, 7, 4, 1),
(1645, 47, 7, 5, 1),
(1646, 48, 1, 1, 1),
(1647, 48, 1, 2, 1),
(1648, 48, 1, 3, 0),
(1649, 48, 1, 4, 1),
(1650, 48, 1, 5, 0),
(1651, 48, 2, 1, 1),
(1652, 48, 2, 2, 0),
(1653, 48, 2, 3, 0),
(1654, 48, 2, 4, 0),
(1655, 48, 2, 5, 1),
(1656, 48, 3, 1, 0),
(1657, 48, 3, 2, 1),
(1658, 48, 3, 3, 1),
(1659, 48, 3, 4, 1),
(1660, 48, 3, 5, 1),
(1661, 48, 4, 1, 0),
(1662, 48, 4, 2, 0),
(1663, 48, 4, 3, 1),
(1664, 48, 4, 4, 1),
(1665, 48, 4, 5, 1),
(1666, 48, 5, 1, 1),
(1667, 48, 5, 2, 1),
(1668, 48, 5, 3, 0),
(1669, 48, 5, 4, 1),
(1670, 48, 5, 5, 0),
(1671, 48, 6, 1, 1),
(1672, 48, 6, 2, 0),
(1673, 48, 6, 3, 0),
(1674, 48, 6, 4, 0),
(1675, 48, 6, 5, 0),
(1676, 48, 7, 1, 1),
(1677, 48, 7, 2, 1),
(1678, 48, 7, 3, 1),
(1679, 48, 7, 4, 1),
(1680, 48, 7, 5, 1),
(1681, 49, 1, 1, 1),
(1682, 49, 1, 2, 0),
(1683, 49, 1, 3, 0),
(1684, 49, 1, 4, 1),
(1685, 49, 1, 5, 1),
(1686, 49, 2, 1, 1),
(1687, 49, 2, 2, 1),
(1688, 49, 2, 3, 1),
(1689, 49, 2, 4, 1),
(1690, 49, 2, 5, 1),
(1691, 49, 3, 1, 1),
(1692, 49, 3, 2, 1),
(1693, 49, 3, 3, 1),
(1694, 49, 3, 4, 0),
(1695, 49, 3, 5, 0),
(1696, 49, 4, 1, 1),
(1697, 49, 4, 2, 0),
(1698, 49, 4, 3, 1),
(1699, 49, 4, 4, 0),
(1700, 49, 4, 5, 0),
(1701, 49, 5, 1, 1),
(1702, 49, 5, 2, 0),
(1703, 49, 5, 3, 0),
(1704, 49, 5, 4, 1),
(1705, 49, 5, 5, 1),
(1706, 49, 6, 1, 1),
(1707, 49, 6, 2, 1),
(1708, 49, 6, 3, 1),
(1709, 49, 6, 4, 1),
(1710, 49, 6, 5, 1),
(1711, 49, 7, 1, 1),
(1712, 49, 7, 2, 1),
(1713, 49, 7, 3, 1),
(1714, 49, 7, 4, 1),
(1715, 49, 7, 5, 1),
(1716, 50, 1, 1, 0),
(1717, 50, 1, 2, 1),
(1718, 50, 1, 3, 0),
(1719, 50, 1, 4, 0),
(1720, 50, 1, 5, 1),
(1721, 50, 2, 1, 1),
(1722, 50, 2, 2, 0),
(1723, 50, 2, 3, 1),
(1724, 50, 2, 4, 0),
(1725, 50, 2, 5, 1),
(1726, 50, 3, 1, 1),
(1727, 50, 3, 2, 1),
(1728, 50, 3, 3, 1),
(1729, 50, 3, 4, 0),
(1730, 50, 3, 5, 1),
(1731, 50, 4, 1, 0),
(1732, 50, 4, 2, 0),
(1733, 50, 4, 3, 0),
(1734, 50, 4, 4, 1),
(1735, 50, 4, 5, 0),
(1736, 50, 5, 1, 0),
(1737, 50, 5, 2, 1),
(1738, 50, 5, 3, 0),
(1739, 50, 5, 4, 0),
(1740, 50, 5, 5, 1),
(1741, 50, 6, 1, 1),
(1742, 50, 6, 2, 0),
(1743, 50, 6, 3, 1),
(1744, 50, 6, 4, 0),
(1745, 50, 6, 5, 1),
(1746, 50, 7, 1, 1),
(1747, 50, 7, 2, 1),
(1748, 50, 7, 3, 1),
(1749, 50, 7, 4, 1),
(1750, 50, 7, 5, 1),
(1751, 51, 1, 1, 1),
(1752, 51, 1, 2, 1),
(1753, 51, 1, 3, 0),
(1754, 51, 1, 4, 1),
(1755, 51, 1, 5, 0),
(1756, 51, 2, 1, 1),
(1757, 51, 2, 2, 0),
(1758, 51, 2, 3, 0),
(1759, 51, 2, 4, 0),
(1760, 51, 2, 5, 1),
(1761, 51, 3, 1, 0),
(1762, 51, 3, 2, 1),
(1763, 51, 3, 3, 1),
(1764, 51, 3, 4, 1),
(1765, 51, 3, 5, 1),
(1766, 51, 4, 1, 0),
(1767, 51, 4, 2, 0),
(1768, 51, 4, 3, 1),
(1769, 51, 4, 4, 1),
(1770, 51, 4, 5, 1),
(1771, 51, 5, 1, 1),
(1772, 51, 5, 2, 1),
(1773, 51, 5, 3, 0),
(1774, 51, 5, 4, 1),
(1775, 51, 5, 5, 0),
(1776, 51, 6, 1, 1),
(1777, 51, 6, 2, 0),
(1778, 51, 6, 3, 0),
(1779, 51, 6, 4, 0),
(1780, 51, 6, 5, 0),
(1781, 51, 7, 1, 1),
(1782, 51, 7, 2, 1),
(1783, 51, 7, 3, 1),
(1784, 51, 7, 4, 1),
(1785, 51, 7, 5, 1),
(1786, 52, 1, 1, 1),
(1787, 52, 1, 2, 0),
(1788, 52, 1, 3, 0),
(1789, 52, 1, 4, 1),
(1790, 52, 1, 5, 1),
(1791, 52, 2, 1, 1),
(1792, 52, 2, 2, 1),
(1793, 52, 2, 3, 1),
(1794, 52, 2, 4, 1),
(1795, 52, 2, 5, 1),
(1796, 52, 3, 1, 1),
(1797, 52, 3, 2, 1),
(1798, 52, 3, 3, 1),
(1799, 52, 3, 4, 0),
(1800, 52, 3, 5, 0),
(1801, 52, 4, 1, 1),
(1802, 52, 4, 2, 0),
(1803, 52, 4, 3, 1),
(1804, 52, 4, 4, 0),
(1805, 52, 4, 5, 0),
(1806, 52, 5, 1, 1),
(1807, 52, 5, 2, 0),
(1808, 52, 5, 3, 0),
(1809, 52, 5, 4, 1),
(1810, 52, 5, 5, 1),
(1811, 52, 6, 1, 1),
(1812, 52, 6, 2, 1),
(1813, 52, 6, 3, 1),
(1814, 52, 6, 4, 1),
(1815, 52, 6, 5, 1),
(1816, 52, 7, 1, 1),
(1817, 52, 7, 2, 1),
(1818, 52, 7, 3, 1),
(1819, 52, 7, 4, 1),
(1820, 52, 7, 5, 1),
(1821, 53, 1, 1, 0),
(1822, 53, 1, 2, 1),
(1823, 53, 1, 3, 0),
(1824, 53, 1, 4, 0),
(1825, 53, 1, 5, 1),
(1826, 53, 2, 1, 1),
(1827, 53, 2, 2, 0),
(1828, 53, 2, 3, 1),
(1829, 53, 2, 4, 0),
(1830, 53, 2, 5, 1),
(1831, 53, 3, 1, 1),
(1832, 53, 3, 2, 1),
(1833, 53, 3, 3, 1),
(1834, 53, 3, 4, 0),
(1835, 53, 3, 5, 1),
(1836, 53, 4, 1, 0),
(1837, 53, 4, 2, 0),
(1838, 53, 4, 3, 0),
(1839, 53, 4, 4, 1),
(1840, 53, 4, 5, 0),
(1841, 53, 5, 1, 0),
(1842, 53, 5, 2, 1),
(1843, 53, 5, 3, 0),
(1844, 53, 5, 4, 0),
(1845, 53, 5, 5, 1),
(1846, 53, 6, 1, 1),
(1847, 53, 6, 2, 0),
(1848, 53, 6, 3, 1),
(1849, 53, 6, 4, 0),
(1850, 53, 6, 5, 1),
(1851, 53, 7, 1, 1),
(1852, 53, 7, 2, 1),
(1853, 53, 7, 3, 1),
(1854, 53, 7, 4, 1),
(1855, 53, 7, 5, 1),
(1856, 54, 1, 1, 1),
(1857, 54, 1, 2, 1),
(1858, 54, 1, 3, 0),
(1859, 54, 1, 4, 1),
(1860, 54, 1, 5, 0),
(1861, 54, 2, 1, 1),
(1862, 54, 2, 2, 0),
(1863, 54, 2, 3, 0),
(1864, 54, 2, 4, 0),
(1865, 54, 2, 5, 1),
(1866, 54, 3, 1, 0),
(1867, 54, 3, 2, 1),
(1868, 54, 3, 3, 1),
(1869, 54, 3, 4, 1),
(1870, 54, 3, 5, 1),
(1871, 54, 4, 1, 0),
(1872, 54, 4, 2, 0),
(1873, 54, 4, 3, 1),
(1874, 54, 4, 4, 1),
(1875, 54, 4, 5, 1),
(1876, 54, 5, 1, 1),
(1877, 54, 5, 2, 1),
(1878, 54, 5, 3, 0),
(1879, 54, 5, 4, 1),
(1880, 54, 5, 5, 0),
(1881, 54, 6, 1, 1),
(1882, 54, 6, 2, 0),
(1883, 54, 6, 3, 0),
(1884, 54, 6, 4, 0),
(1885, 54, 6, 5, 0),
(1886, 54, 7, 1, 1),
(1887, 54, 7, 2, 1),
(1888, 54, 7, 3, 1),
(1889, 54, 7, 4, 1),
(1890, 54, 7, 5, 1),
(1891, 55, 1, 1, 1),
(1892, 55, 1, 2, 0),
(1893, 55, 1, 3, 0),
(1894, 55, 1, 4, 1),
(1895, 55, 1, 5, 1),
(1896, 55, 2, 1, 1),
(1897, 55, 2, 2, 1),
(1898, 55, 2, 3, 1),
(1899, 55, 2, 4, 1),
(1900, 55, 2, 5, 1),
(1901, 55, 3, 1, 1),
(1902, 55, 3, 2, 1),
(1903, 55, 3, 3, 1),
(1904, 55, 3, 4, 0),
(1905, 55, 3, 5, 0),
(1906, 55, 4, 1, 1),
(1907, 55, 4, 2, 0),
(1908, 55, 4, 3, 1),
(1909, 55, 4, 4, 0),
(1910, 55, 4, 5, 0),
(1911, 55, 5, 1, 1),
(1912, 55, 5, 2, 0),
(1913, 55, 5, 3, 0),
(1914, 55, 5, 4, 1),
(1915, 55, 5, 5, 1),
(1916, 55, 6, 1, 1),
(1917, 55, 6, 2, 1),
(1918, 55, 6, 3, 1),
(1919, 55, 6, 4, 1),
(1920, 55, 6, 5, 1),
(1921, 55, 7, 1, 1),
(1922, 55, 7, 2, 1),
(1923, 55, 7, 3, 1),
(1924, 55, 7, 4, 1),
(1925, 55, 7, 5, 1),
(1926, 56, 1, 1, 0),
(1927, 56, 1, 2, 1),
(1928, 56, 1, 3, 0),
(1929, 56, 1, 4, 0),
(1930, 56, 1, 5, 1),
(1931, 56, 2, 1, 1),
(1932, 56, 2, 2, 0),
(1933, 56, 2, 3, 1),
(1934, 56, 2, 4, 0),
(1935, 56, 2, 5, 1),
(1936, 56, 3, 1, 1),
(1937, 56, 3, 2, 1),
(1938, 56, 3, 3, 1),
(1939, 56, 3, 4, 0),
(1940, 56, 3, 5, 1),
(1941, 56, 4, 1, 0),
(1942, 56, 4, 2, 0),
(1943, 56, 4, 3, 0),
(1944, 56, 4, 4, 1),
(1945, 56, 4, 5, 0),
(1946, 56, 5, 1, 0),
(1947, 56, 5, 2, 1),
(1948, 56, 5, 3, 0),
(1949, 56, 5, 4, 0),
(1950, 56, 5, 5, 1),
(1951, 56, 6, 1, 1),
(1952, 56, 6, 2, 0),
(1953, 56, 6, 3, 1),
(1954, 56, 6, 4, 0),
(1955, 56, 6, 5, 1),
(1956, 56, 7, 1, 1),
(1957, 56, 7, 2, 1),
(1958, 56, 7, 3, 1),
(1959, 56, 7, 4, 1),
(1960, 56, 7, 5, 1),
(1961, 57, 1, 1, 1),
(1962, 57, 1, 2, 1),
(1963, 57, 1, 3, 0),
(1964, 57, 1, 4, 1),
(1965, 57, 1, 5, 0),
(1966, 57, 2, 1, 1),
(1967, 57, 2, 2, 0),
(1968, 57, 2, 3, 0),
(1969, 57, 2, 4, 0),
(1970, 57, 2, 5, 1),
(1971, 57, 3, 1, 0),
(1972, 57, 3, 2, 1),
(1973, 57, 3, 3, 1),
(1974, 57, 3, 4, 1),
(1975, 57, 3, 5, 1),
(1976, 57, 4, 1, 0),
(1977, 57, 4, 2, 0),
(1978, 57, 4, 3, 1),
(1979, 57, 4, 4, 1),
(1980, 57, 4, 5, 1),
(1981, 57, 5, 1, 1),
(1982, 57, 5, 2, 1),
(1983, 57, 5, 3, 0),
(1984, 57, 5, 4, 1),
(1985, 57, 5, 5, 0),
(1986, 57, 6, 1, 1),
(1987, 57, 6, 2, 0),
(1988, 57, 6, 3, 0),
(1989, 57, 6, 4, 0),
(1990, 57, 6, 5, 0),
(1991, 57, 7, 1, 1),
(1992, 57, 7, 2, 1),
(1993, 57, 7, 3, 1),
(1994, 57, 7, 4, 1),
(1995, 57, 7, 5, 1),
(1996, 58, 1, 1, 1),
(1997, 58, 1, 2, 0),
(1998, 58, 1, 3, 0),
(1999, 58, 1, 4, 1),
(2000, 58, 1, 5, 1),
(2001, 58, 2, 1, 1),
(2002, 58, 2, 2, 1),
(2003, 58, 2, 3, 1),
(2004, 58, 2, 4, 1),
(2005, 58, 2, 5, 1),
(2006, 58, 3, 1, 1),
(2007, 58, 3, 2, 1),
(2008, 58, 3, 3, 1),
(2009, 58, 3, 4, 0),
(2010, 58, 3, 5, 0),
(2011, 58, 4, 1, 1),
(2012, 58, 4, 2, 0),
(2013, 58, 4, 3, 1),
(2014, 58, 4, 4, 0),
(2015, 58, 4, 5, 0),
(2016, 58, 5, 1, 1),
(2017, 58, 5, 2, 0),
(2018, 58, 5, 3, 0),
(2019, 58, 5, 4, 1),
(2020, 58, 5, 5, 1),
(2021, 58, 6, 1, 1),
(2022, 58, 6, 2, 1),
(2023, 58, 6, 3, 1),
(2024, 58, 6, 4, 1),
(2025, 58, 6, 5, 1),
(2026, 58, 7, 1, 1),
(2027, 58, 7, 2, 1),
(2028, 58, 7, 3, 1),
(2029, 58, 7, 4, 1),
(2030, 58, 7, 5, 1),
(2031, 59, 1, 1, 0),
(2032, 59, 1, 2, 1),
(2033, 59, 1, 3, 0),
(2034, 59, 1, 4, 0),
(2035, 59, 1, 5, 1),
(2036, 59, 2, 1, 1),
(2037, 59, 2, 2, 0),
(2038, 59, 2, 3, 1),
(2039, 59, 2, 4, 0),
(2040, 59, 2, 5, 1),
(2041, 59, 3, 1, 1),
(2042, 59, 3, 2, 1),
(2043, 59, 3, 3, 1),
(2044, 59, 3, 4, 0),
(2045, 59, 3, 5, 1),
(2046, 59, 4, 1, 0),
(2047, 59, 4, 2, 0),
(2048, 59, 4, 3, 0),
(2049, 59, 4, 4, 1),
(2050, 59, 4, 5, 0),
(2051, 59, 5, 1, 0),
(2052, 59, 5, 2, 1),
(2053, 59, 5, 3, 0),
(2054, 59, 5, 4, 0),
(2055, 59, 5, 5, 1),
(2056, 59, 6, 1, 1),
(2057, 59, 6, 2, 0),
(2058, 59, 6, 3, 1),
(2059, 59, 6, 4, 0),
(2060, 59, 6, 5, 1),
(2061, 59, 7, 1, 1),
(2062, 59, 7, 2, 1),
(2063, 59, 7, 3, 1),
(2064, 59, 7, 4, 1),
(2065, 59, 7, 5, 1),
(2066, 60, 1, 1, 1),
(2067, 60, 1, 2, 1),
(2068, 60, 1, 3, 0),
(2069, 60, 1, 4, 1),
(2070, 60, 1, 5, 0),
(2071, 60, 2, 1, 1),
(2072, 60, 2, 2, 0),
(2073, 60, 2, 3, 0),
(2074, 60, 2, 4, 0),
(2075, 60, 2, 5, 1),
(2076, 60, 3, 1, 0),
(2077, 60, 3, 2, 1),
(2078, 60, 3, 3, 1),
(2079, 60, 3, 4, 1),
(2080, 60, 3, 5, 1),
(2081, 60, 4, 1, 0),
(2082, 60, 4, 2, 0),
(2083, 60, 4, 3, 1),
(2084, 60, 4, 4, 1),
(2085, 60, 4, 5, 1),
(2086, 60, 5, 1, 1),
(2087, 60, 5, 2, 1),
(2088, 60, 5, 3, 0),
(2089, 60, 5, 4, 1),
(2090, 60, 5, 5, 0),
(2091, 60, 6, 1, 1),
(2092, 60, 6, 2, 0),
(2093, 60, 6, 3, 0),
(2094, 60, 6, 4, 0),
(2095, 60, 6, 5, 0),
(2096, 60, 7, 1, 1),
(2097, 60, 7, 2, 1),
(2098, 60, 7, 3, 1),
(2099, 60, 7, 4, 1),
(2100, 60, 7, 5, 1),
(2101, 61, 1, 1, 1),
(2102, 61, 1, 2, 0),
(2103, 61, 1, 3, 0),
(2104, 61, 1, 4, 1),
(2105, 61, 1, 5, 1),
(2106, 61, 2, 1, 1),
(2107, 61, 2, 2, 1),
(2108, 61, 2, 3, 1),
(2109, 61, 2, 4, 1),
(2110, 61, 2, 5, 1),
(2111, 61, 3, 1, 1),
(2112, 61, 3, 2, 1),
(2113, 61, 3, 3, 1),
(2114, 61, 3, 4, 0),
(2115, 61, 3, 5, 0),
(2116, 61, 4, 1, 1),
(2117, 61, 4, 2, 0),
(2118, 61, 4, 3, 1),
(2119, 61, 4, 4, 0),
(2120, 61, 4, 5, 0),
(2121, 61, 5, 1, 1),
(2122, 61, 5, 2, 0),
(2123, 61, 5, 3, 0),
(2124, 61, 5, 4, 1),
(2125, 61, 5, 5, 1),
(2126, 61, 6, 1, 1),
(2127, 61, 6, 2, 1),
(2128, 61, 6, 3, 1),
(2129, 61, 6, 4, 1),
(2130, 61, 6, 5, 1),
(2131, 61, 7, 1, 1),
(2132, 61, 7, 2, 1),
(2133, 61, 7, 3, 1),
(2134, 61, 7, 4, 1),
(2135, 61, 7, 5, 1),
(2136, 62, 1, 1, 0),
(2137, 62, 1, 2, 1),
(2138, 62, 1, 3, 0),
(2139, 62, 1, 4, 0),
(2140, 62, 1, 5, 1),
(2141, 62, 2, 1, 1),
(2142, 62, 2, 2, 0),
(2143, 62, 2, 3, 1),
(2144, 62, 2, 4, 0),
(2145, 62, 2, 5, 1),
(2146, 62, 3, 1, 1),
(2147, 62, 3, 2, 1),
(2148, 62, 3, 3, 1),
(2149, 62, 3, 4, 0),
(2150, 62, 3, 5, 1),
(2151, 62, 4, 1, 0),
(2152, 62, 4, 2, 0),
(2153, 62, 4, 3, 0),
(2154, 62, 4, 4, 1),
(2155, 62, 4, 5, 0),
(2156, 62, 5, 1, 0),
(2157, 62, 5, 2, 1),
(2158, 62, 5, 3, 0),
(2159, 62, 5, 4, 0),
(2160, 62, 5, 5, 1),
(2161, 62, 6, 1, 1),
(2162, 62, 6, 2, 0),
(2163, 62, 6, 3, 1),
(2164, 62, 6, 4, 0),
(2165, 62, 6, 5, 1),
(2166, 62, 7, 1, 1),
(2167, 62, 7, 2, 1),
(2168, 62, 7, 3, 1),
(2169, 62, 7, 4, 1),
(2170, 62, 7, 5, 1),
(2171, 63, 1, 1, 1),
(2172, 63, 1, 2, 1),
(2173, 63, 1, 3, 0),
(2174, 63, 1, 4, 1),
(2175, 63, 1, 5, 0),
(2176, 63, 2, 1, 1),
(2177, 63, 2, 2, 0),
(2178, 63, 2, 3, 0),
(2179, 63, 2, 4, 0),
(2180, 63, 2, 5, 1),
(2181, 63, 3, 1, 0),
(2182, 63, 3, 2, 1),
(2183, 63, 3, 3, 1),
(2184, 63, 3, 4, 1),
(2185, 63, 3, 5, 1),
(2186, 63, 4, 1, 0),
(2187, 63, 4, 2, 0),
(2188, 63, 4, 3, 1),
(2189, 63, 4, 4, 1),
(2190, 63, 4, 5, 1),
(2191, 63, 5, 1, 1),
(2192, 63, 5, 2, 1),
(2193, 63, 5, 3, 0),
(2194, 63, 5, 4, 1),
(2195, 63, 5, 5, 0),
(2196, 63, 6, 1, 1),
(2197, 63, 6, 2, 0),
(2198, 63, 6, 3, 0),
(2199, 63, 6, 4, 0),
(2200, 63, 6, 5, 0),
(2201, 63, 7, 1, 1),
(2202, 63, 7, 2, 1),
(2203, 63, 7, 3, 1),
(2204, 63, 7, 4, 1),
(2205, 63, 7, 5, 1),
(2206, 64, 1, 1, 1),
(2207, 64, 1, 2, 0),
(2208, 64, 1, 3, 0),
(2209, 64, 1, 4, 1),
(2210, 64, 1, 5, 1),
(2211, 64, 2, 1, 1),
(2212, 64, 2, 2, 1),
(2213, 64, 2, 3, 1),
(2214, 64, 2, 4, 1),
(2215, 64, 2, 5, 1),
(2216, 64, 3, 1, 1),
(2217, 64, 3, 2, 1),
(2218, 64, 3, 3, 1),
(2219, 64, 3, 4, 0),
(2220, 64, 3, 5, 0),
(2221, 64, 4, 1, 1),
(2222, 64, 4, 2, 0),
(2223, 64, 4, 3, 1),
(2224, 64, 4, 4, 0),
(2225, 64, 4, 5, 0),
(2226, 64, 5, 1, 1),
(2227, 64, 5, 2, 0),
(2228, 64, 5, 3, 0),
(2229, 64, 5, 4, 1),
(2230, 64, 5, 5, 1),
(2231, 64, 6, 1, 1),
(2232, 64, 6, 2, 1),
(2233, 64, 6, 3, 1),
(2234, 64, 6, 4, 1),
(2235, 64, 6, 5, 1),
(2236, 64, 7, 1, 1),
(2237, 64, 7, 2, 1),
(2238, 64, 7, 3, 1),
(2239, 64, 7, 4, 1),
(2240, 64, 7, 5, 1),
(2241, 65, 1, 1, 0),
(2242, 65, 1, 2, 1),
(2243, 65, 1, 3, 0),
(2244, 65, 1, 4, 0),
(2245, 65, 1, 5, 1),
(2246, 65, 2, 1, 1),
(2247, 65, 2, 2, 0),
(2248, 65, 2, 3, 1),
(2249, 65, 2, 4, 0),
(2250, 65, 2, 5, 1),
(2251, 65, 3, 1, 1),
(2252, 65, 3, 2, 1),
(2253, 65, 3, 3, 1),
(2254, 65, 3, 4, 0),
(2255, 65, 3, 5, 1),
(2256, 65, 4, 1, 0),
(2257, 65, 4, 2, 0),
(2258, 65, 4, 3, 0),
(2259, 65, 4, 4, 1),
(2260, 65, 4, 5, 0),
(2261, 65, 5, 1, 0),
(2262, 65, 5, 2, 1),
(2263, 65, 5, 3, 0),
(2264, 65, 5, 4, 0),
(2265, 65, 5, 5, 1),
(2266, 65, 6, 1, 1),
(2267, 65, 6, 2, 0),
(2268, 65, 6, 3, 1),
(2269, 65, 6, 4, 0),
(2270, 65, 6, 5, 1),
(2271, 65, 7, 1, 1),
(2272, 65, 7, 2, 1),
(2273, 65, 7, 3, 1),
(2274, 65, 7, 4, 1),
(2275, 65, 7, 5, 1),
(2276, 66, 1, 1, 1),
(2277, 66, 1, 2, 1),
(2278, 66, 1, 3, 0),
(2279, 66, 1, 4, 1),
(2280, 66, 1, 5, 0),
(2281, 66, 2, 1, 1),
(2282, 66, 2, 2, 0),
(2283, 66, 2, 3, 0),
(2284, 66, 2, 4, 0),
(2285, 66, 2, 5, 1),
(2286, 66, 3, 1, 0),
(2287, 66, 3, 2, 1),
(2288, 66, 3, 3, 1),
(2289, 66, 3, 4, 1),
(2290, 66, 3, 5, 1),
(2291, 66, 4, 1, 0),
(2292, 66, 4, 2, 0),
(2293, 66, 4, 3, 1),
(2294, 66, 4, 4, 1),
(2295, 66, 4, 5, 1),
(2296, 66, 5, 1, 1),
(2297, 66, 5, 2, 1),
(2298, 66, 5, 3, 0),
(2299, 66, 5, 4, 1),
(2300, 66, 5, 5, 0),
(2301, 66, 6, 1, 1),
(2302, 66, 6, 2, 0),
(2303, 66, 6, 3, 0),
(2304, 66, 6, 4, 0),
(2305, 66, 6, 5, 0),
(2306, 66, 7, 1, 1),
(2307, 66, 7, 2, 1),
(2308, 66, 7, 3, 1),
(2309, 66, 7, 4, 1),
(2310, 66, 7, 5, 1),
(2311, 67, 1, 1, 1),
(2312, 67, 1, 2, 0),
(2313, 67, 1, 3, 0),
(2314, 67, 1, 4, 1),
(2315, 67, 1, 5, 1),
(2316, 67, 2, 1, 1),
(2317, 67, 2, 2, 1),
(2318, 67, 2, 3, 1),
(2319, 67, 2, 4, 1),
(2320, 67, 2, 5, 1),
(2321, 67, 3, 1, 1),
(2322, 67, 3, 2, 1),
(2323, 67, 3, 3, 1),
(2324, 67, 3, 4, 0),
(2325, 67, 3, 5, 0),
(2326, 67, 4, 1, 1),
(2327, 67, 4, 2, 0),
(2328, 67, 4, 3, 1),
(2329, 67, 4, 4, 0),
(2330, 67, 4, 5, 0),
(2331, 67, 5, 1, 1),
(2332, 67, 5, 2, 0),
(2333, 67, 5, 3, 0),
(2334, 67, 5, 4, 1),
(2335, 67, 5, 5, 1),
(2336, 67, 6, 1, 1),
(2337, 67, 6, 2, 1),
(2338, 67, 6, 3, 1),
(2339, 67, 6, 4, 1),
(2340, 67, 6, 5, 1),
(2341, 67, 7, 1, 1),
(2342, 67, 7, 2, 1),
(2343, 67, 7, 3, 1),
(2344, 67, 7, 4, 1),
(2345, 67, 7, 5, 1),
(2346, 68, 1, 1, 0),
(2347, 68, 1, 2, 1),
(2348, 68, 1, 3, 0),
(2349, 68, 1, 4, 0),
(2350, 68, 1, 5, 1),
(2351, 68, 2, 1, 1),
(2352, 68, 2, 2, 0),
(2353, 68, 2, 3, 1),
(2354, 68, 2, 4, 0),
(2355, 68, 2, 5, 1),
(2356, 68, 3, 1, 1),
(2357, 68, 3, 2, 1),
(2358, 68, 3, 3, 1),
(2359, 68, 3, 4, 0),
(2360, 68, 3, 5, 1),
(2361, 68, 4, 1, 0),
(2362, 68, 4, 2, 0),
(2363, 68, 4, 3, 0),
(2364, 68, 4, 4, 1),
(2365, 68, 4, 5, 0),
(2366, 68, 5, 1, 0),
(2367, 68, 5, 2, 1),
(2368, 68, 5, 3, 0),
(2369, 68, 5, 4, 0),
(2370, 68, 5, 5, 1),
(2371, 68, 6, 1, 1),
(2372, 68, 6, 2, 0),
(2373, 68, 6, 3, 1),
(2374, 68, 6, 4, 0),
(2375, 68, 6, 5, 1),
(2376, 68, 7, 1, 1),
(2377, 68, 7, 2, 1),
(2378, 68, 7, 3, 1),
(2379, 68, 7, 4, 1),
(2380, 68, 7, 5, 1),
(2381, 69, 1, 1, 1),
(2382, 69, 1, 2, 1),
(2383, 69, 1, 3, 0),
(2384, 69, 1, 4, 1),
(2385, 69, 1, 5, 0),
(2386, 69, 2, 1, 1),
(2387, 69, 2, 2, 0),
(2388, 69, 2, 3, 0),
(2389, 69, 2, 4, 0),
(2390, 69, 2, 5, 1),
(2391, 69, 3, 1, 0),
(2392, 69, 3, 2, 1),
(2393, 69, 3, 3, 1),
(2394, 69, 3, 4, 1),
(2395, 69, 3, 5, 1),
(2396, 69, 4, 1, 0),
(2397, 69, 4, 2, 0),
(2398, 69, 4, 3, 1),
(2399, 69, 4, 4, 1),
(2400, 69, 4, 5, 1),
(2401, 69, 5, 1, 1),
(2402, 69, 5, 2, 1),
(2403, 69, 5, 3, 0),
(2404, 69, 5, 4, 1),
(2405, 69, 5, 5, 0),
(2406, 69, 6, 1, 1),
(2407, 69, 6, 2, 0),
(2408, 69, 6, 3, 0),
(2409, 69, 6, 4, 0),
(2410, 69, 6, 5, 0),
(2411, 69, 7, 1, 1),
(2412, 69, 7, 2, 1),
(2413, 69, 7, 3, 1),
(2414, 69, 7, 4, 1),
(2415, 69, 7, 5, 1),
(2416, 70, 1, 1, 0),
(2417, 70, 1, 2, 0),
(2418, 70, 1, 3, 0),
(2419, 70, 1, 4, 0),
(2420, 70, 1, 5, 0),
(2421, 70, 2, 1, 0),
(2422, 70, 2, 2, 0),
(2423, 70, 2, 3, 0),
(2424, 70, 2, 4, 0),
(2425, 70, 2, 5, 0),
(2426, 70, 3, 1, 0),
(2427, 70, 3, 2, 0),
(2428, 70, 3, 3, 0),
(2429, 70, 3, 4, 0),
(2430, 70, 3, 5, 0),
(2431, 70, 4, 1, 0),
(2432, 70, 4, 2, 0),
(2433, 70, 4, 3, 0),
(2434, 70, 4, 4, 0),
(2435, 70, 4, 5, 0),
(2436, 70, 5, 1, 0),
(2437, 70, 5, 2, 0),
(2438, 70, 5, 3, 0),
(2439, 70, 5, 4, 0),
(2440, 70, 5, 5, 0),
(2441, 70, 6, 1, 0),
(2442, 70, 6, 2, 0),
(2443, 70, 6, 3, 0),
(2444, 70, 6, 4, 0),
(2445, 70, 6, 5, 0),
(2446, 70, 7, 1, 1),
(2447, 70, 7, 2, 1),
(2448, 70, 7, 3, 1),
(2449, 70, 7, 4, 1),
(2450, 70, 7, 5, 1),
(2451, 71, 1, 1, 0),
(2452, 71, 1, 2, 0),
(2453, 71, 1, 3, 0),
(2454, 71, 1, 4, 0),
(2455, 71, 1, 5, 0),
(2456, 71, 2, 1, 0),
(2457, 71, 2, 2, 0),
(2458, 71, 2, 3, 0),
(2459, 71, 2, 4, 0),
(2460, 71, 2, 5, 0),
(2461, 71, 3, 1, 0),
(2462, 71, 3, 2, 0),
(2463, 71, 3, 3, 0),
(2464, 71, 3, 4, 0),
(2465, 71, 3, 5, 0),
(2466, 71, 4, 1, 0),
(2467, 71, 4, 2, 0),
(2468, 71, 4, 3, 0),
(2469, 71, 4, 4, 0),
(2470, 71, 4, 5, 0),
(2471, 71, 5, 1, 0),
(2472, 71, 5, 2, 0),
(2473, 71, 5, 3, 0),
(2474, 71, 5, 4, 0),
(2475, 71, 5, 5, 0),
(2476, 71, 6, 1, 0),
(2477, 71, 6, 2, 0),
(2478, 71, 6, 3, 0),
(2479, 71, 6, 4, 0),
(2480, 71, 6, 5, 0),
(2481, 71, 7, 1, 1),
(2482, 71, 7, 2, 1),
(2483, 71, 7, 3, 1),
(2484, 71, 7, 4, 1),
(2485, 71, 7, 5, 1),
(2486, 72, 1, 1, 0),
(2487, 72, 1, 2, 0),
(2488, 72, 1, 3, 0),
(2489, 72, 1, 4, 0),
(2490, 72, 1, 5, 0),
(2491, 72, 2, 1, 0),
(2492, 72, 2, 2, 0),
(2493, 72, 2, 3, 0),
(2494, 72, 2, 4, 0),
(2495, 72, 2, 5, 0),
(2496, 72, 3, 1, 0),
(2497, 72, 3, 2, 0),
(2498, 72, 3, 3, 0),
(2499, 72, 3, 4, 0),
(2500, 72, 3, 5, 0),
(2501, 72, 4, 1, 0),
(2502, 72, 4, 2, 0),
(2503, 72, 4, 3, 0),
(2504, 72, 4, 4, 0),
(2505, 72, 4, 5, 0),
(2506, 72, 5, 1, 0),
(2507, 72, 5, 2, 0),
(2508, 72, 5, 3, 0),
(2509, 72, 5, 4, 0),
(2510, 72, 5, 5, 0),
(2511, 72, 6, 1, 0),
(2512, 72, 6, 2, 0),
(2513, 72, 6, 3, 0),
(2514, 72, 6, 4, 0),
(2515, 72, 6, 5, 0),
(2516, 72, 7, 1, 1),
(2517, 72, 7, 2, 1),
(2518, 72, 7, 3, 1),
(2519, 72, 7, 4, 1),
(2520, 72, 7, 5, 1),
(2521, 73, 1, 1, 0),
(2522, 73, 1, 2, 0),
(2523, 73, 1, 3, 0),
(2524, 73, 1, 4, 0),
(2525, 73, 1, 5, 0),
(2526, 73, 2, 1, 0),
(2527, 73, 2, 2, 0),
(2528, 73, 2, 3, 0),
(2529, 73, 2, 4, 0),
(2530, 73, 2, 5, 0),
(2531, 73, 3, 1, 0),
(2532, 73, 3, 2, 0),
(2533, 73, 3, 3, 0),
(2534, 73, 3, 4, 0),
(2535, 73, 3, 5, 0),
(2536, 73, 4, 1, 1),
(2537, 73, 4, 2, 0),
(2538, 73, 4, 3, 0),
(2539, 73, 4, 4, 0),
(2540, 73, 4, 5, 0),
(2541, 73, 5, 1, 0),
(2542, 73, 5, 2, 0),
(2543, 73, 5, 3, 0),
(2544, 73, 5, 4, 0),
(2545, 73, 5, 5, 0),
(2546, 73, 6, 1, 0),
(2547, 73, 6, 2, 0),
(2548, 73, 6, 3, 0),
(2549, 73, 6, 4, 0),
(2550, 73, 6, 5, 0),
(2551, 73, 7, 1, 1),
(2552, 73, 7, 2, 1),
(2553, 73, 7, 3, 1),
(2554, 73, 7, 4, 1),
(2555, 73, 7, 5, 1),
(2556, 74, 1, 1, 0),
(2557, 74, 1, 2, 0),
(2558, 74, 1, 3, 0),
(2559, 74, 1, 4, 0),
(2560, 74, 1, 5, 0),
(2561, 74, 2, 1, 0),
(2562, 74, 2, 2, 1),
(2563, 74, 2, 3, 0),
(2564, 74, 2, 4, 0),
(2565, 74, 2, 5, 0),
(2566, 74, 3, 1, 0),
(2567, 74, 3, 2, 0),
(2568, 74, 3, 3, 0),
(2569, 74, 3, 4, 0),
(2570, 74, 3, 5, 0),
(2571, 74, 4, 1, 0),
(2572, 74, 4, 2, 0),
(2573, 74, 4, 3, 0),
(2574, 74, 4, 4, 0),
(2575, 74, 4, 5, 0),
(2576, 74, 5, 1, 0),
(2577, 74, 5, 2, 0),
(2578, 74, 5, 3, 0),
(2579, 74, 5, 4, 0),
(2580, 74, 5, 5, 0),
(2581, 74, 6, 1, 0),
(2582, 74, 6, 2, 0),
(2583, 74, 6, 3, 0),
(2584, 74, 6, 4, 0),
(2585, 74, 6, 5, 0),
(2586, 74, 7, 1, 1),
(2587, 74, 7, 2, 1),
(2588, 74, 7, 3, 1),
(2589, 74, 7, 4, 1),
(2590, 74, 7, 5, 1),
(2591, 75, 1, 1, 0),
(2592, 75, 1, 2, 0),
(2593, 75, 1, 3, 0),
(2594, 75, 1, 4, 0),
(2595, 75, 1, 5, 0),
(2596, 75, 2, 1, 0),
(2597, 75, 2, 2, 0),
(2598, 75, 2, 3, 0),
(2599, 75, 2, 4, 0),
(2600, 75, 2, 5, 0),
(2601, 75, 3, 1, 0),
(2602, 75, 3, 2, 0),
(2603, 75, 3, 3, 0),
(2604, 75, 3, 4, 0),
(2605, 75, 3, 5, 0),
(2606, 75, 4, 1, 0),
(2607, 75, 4, 2, 0),
(2608, 75, 4, 3, 0),
(2609, 75, 4, 4, 0),
(2610, 75, 4, 5, 0),
(2611, 75, 5, 1, 0),
(2612, 75, 5, 2, 0),
(2613, 75, 5, 3, 0),
(2614, 75, 5, 4, 0),
(2615, 75, 5, 5, 0),
(2616, 75, 6, 1, 0),
(2617, 75, 6, 2, 0),
(2618, 75, 6, 3, 0),
(2619, 75, 6, 4, 0),
(2620, 75, 6, 5, 0),
(2621, 75, 7, 1, 1),
(2622, 75, 7, 2, 1),
(2623, 75, 7, 3, 1),
(2624, 75, 7, 4, 1),
(2625, 75, 7, 5, 1),
(2626, 76, 1, 1, 0),
(2627, 76, 1, 2, 0),
(2628, 76, 1, 3, 0),
(2629, 76, 1, 4, 0),
(2630, 76, 1, 5, 0),
(2631, 76, 2, 1, 0),
(2632, 76, 2, 2, 0),
(2633, 76, 2, 3, 0),
(2634, 76, 2, 4, 0),
(2635, 76, 2, 5, 0),
(2636, 76, 3, 1, 0),
(2637, 76, 3, 2, 0),
(2638, 76, 3, 3, 0),
(2639, 76, 3, 4, 0),
(2640, 76, 3, 5, 0),
(2641, 76, 4, 1, 0),
(2642, 76, 4, 2, 0),
(2643, 76, 4, 3, 0),
(2644, 76, 4, 4, 0),
(2645, 76, 4, 5, 0),
(2646, 76, 5, 1, 0),
(2647, 76, 5, 2, 0),
(2648, 76, 5, 3, 0),
(2649, 76, 5, 4, 0),
(2650, 76, 5, 5, 0),
(2651, 76, 6, 1, 0),
(2652, 76, 6, 2, 0),
(2653, 76, 6, 3, 0),
(2654, 76, 6, 4, 0),
(2655, 76, 6, 5, 0),
(2656, 76, 7, 1, 1),
(2657, 76, 7, 2, 1),
(2658, 76, 7, 3, 1),
(2659, 76, 7, 4, 1),
(2660, 76, 7, 5, 1),
(2661, 77, 1, 1, 0),
(2662, 77, 1, 2, 0),
(2663, 77, 1, 3, 0),
(2664, 77, 1, 4, 0),
(2665, 77, 1, 5, 0),
(2666, 77, 2, 1, 0),
(2667, 77, 2, 2, 0),
(2668, 77, 2, 3, 0),
(2669, 77, 2, 4, 0),
(2670, 77, 2, 5, 0),
(2671, 77, 3, 1, 1),
(2672, 77, 3, 2, 0),
(2673, 77, 3, 3, 0),
(2674, 77, 3, 4, 1),
(2675, 77, 3, 5, 0),
(2676, 77, 4, 1, 0),
(2677, 77, 4, 2, 0),
(2678, 77, 4, 3, 0),
(2679, 77, 4, 4, 0),
(2680, 77, 4, 5, 0),
(2681, 77, 5, 1, 0),
(2682, 77, 5, 2, 0),
(2683, 77, 5, 3, 1),
(2684, 77, 5, 4, 0),
(2685, 77, 5, 5, 0),
(2686, 77, 6, 1, 0),
(2687, 77, 6, 2, 0),
(2688, 77, 6, 3, 0),
(2689, 77, 6, 4, 0),
(2690, 77, 6, 5, 0),
(2691, 77, 7, 1, 0),
(2692, 77, 7, 2, 0),
(2693, 77, 7, 3, 0),
(2694, 77, 7, 4, 0),
(2695, 77, 7, 5, 0);

-- --------------------------------------------------------

--
-- Table structure for table `semesters`
--

CREATE TABLE `semesters` (
  `id` int NOT NULL,
  `name` varchar(50) NOT NULL,
  `display_name` varchar(100) NOT NULL,
  `order_index` int NOT NULL DEFAULT '0'
) ENGINE=InnoDB DEFAULT CHARSET=utf8mb4 COLLATE=utf8mb4_unicode_ci;

--
-- Dumping data for table `semesters`
--

INSERT INTO `semesters` (`id`, `name`, `display_name`, `order_index`) VALUES
(1, 'S1', 'S1', 1),
(2, 'S2', 'S2', 2),
(3, 'S3', 'S3', 3),
(4, 'S4', 'S4', 4),
(5, 'S5', 'S5', 5),
(6, 'S6', 'S6', 6);

-- --------------------------------------------------------

--
-- Table structure for table `settings`
--

CREATE TABLE `settings` (
  `setting_key` varchar(100) NOT NULL,
  `setting_value` text NOT NULL
) ENGINE=InnoDB DEFAULT CHARSET=utf8mb4 COLLATE=utf8mb4_unicode_ci;

--
-- Dumping data for table `settings`
--

INSERT INTO `settings` (`setting_key`, `setting_value`) VALUES
('current_semester_type', 'impair');

-- --------------------------------------------------------

--
-- Table structure for table `subjects`
--

CREATE TABLE `subjects` (
  `id` int NOT NULL,
  `code` varchar(50) DEFAULT NULL,
  `name` varchar(255) DEFAULT NULL,
  `semester_id` int DEFAULT NULL
) ENGINE=InnoDB DEFAULT CHARSET=utf8mb4 COLLATE=utf8mb4_unicode_ci;

--
-- Dumping data for table `subjects`
--

INSERT INTO `subjects` (`id`, `code`, `name`, `semester_id`) VALUES
(1, 'DEV110', 'Algo et C++', 1),
(2, 'DEV111', 'Introduction aux BD', 1),
(3, 'DEV112', 'Technologie web', 1),
(4, 'SRY110', 'Bases informatique', 1),
(5, 'SRY111', 'base Reseaux', 1),
(6, 'MAI110', 'Algebre 1', 1),
(7, 'MAI111', 'Analyse', 1),
(8, 'MAI112', 'PIX1', 1),
(9, 'DPR110', 'communication', 1),
(10, 'DPR111', 'Anglais', 1),
(11, 'DPR112', 'PPP', 1),
(12, 'SPEC11', 'Intro. Economie Générale', 1),
(13, 'SPEC12', 'Probabilités et Statistiques', 1),
(14, 'DEV210', 'Programmation Python', 2),
(15, 'DEV211', 'Langages Web', 2),
(16, 'DPR210', 'Communication II', 2),
(17, 'DPR211', 'Anglais II', 2),
(18, 'DPR212', 'Projet Personnel et Professionnel II', 2),
(19, 'MAI210', 'Algèbre II', 2),
(20, 'MAI211', 'Probabilités et Statistiques', 2),
(21, 'MAI212', 'Préparation à la certification PIX 2', 2),
(22, 'SYR210', 'Systèmes Logiques', 2),
(23, 'SYR211', 'Systèmes d’exploitation', 2),
(24, 'DSI210', 'Systeme de getion de BD', 2),
(25, 'DSI211', 'PI 1', 2),
(26, 'RSS211', 'PI 1', 2),
(27, 'RSS210', 'Services Reseaux', 2),
(28, 'CNM210', 'CMS et PAO', 2),
(29, 'CNM211', 'PI 1', 2),
(30, 'DAS310', 'Maching Learning', 3),
(31, 'DAS311', 'RO', 3),
(32, 'PAV310', 'POO JAVA', 3),
(33, 'PAV312', 'Projet Integrateur', 3),
(34, 'PAV311', 'SD & Comp.Algo', 3),
(35, 'DPR313', 'Gestion d\'enterprise', 3),
(36, 'DPR310', 'Communication', 3),
(37, 'DPR311', 'Anglais', 3),
(38, 'DPR312', 'PPP', 3),
(39, 'RSS310', 'Reseaux Mobile', 3),
(40, 'RSS320', 'Introduction a la securite', 3),
(41, 'RSS311', 'Administration reseaux', 3),
(42, 'RSS321', 'BD & CSI', 3),
(43, 'DSI321', 'DevOps', 3),
(44, 'DSI311', 'BD avancees', 3),
(45, 'DSI310', 'Genie Logiciel', 3),
(46, 'DSI320', 'FrameWorks Python', 3),
(47, 'CNM310', 'Numerisation et OM', 3),
(48, 'CNM321', 'BD & CSI', 3),
(49, 'CNM311', 'CMS & PAO2', 3),
(50, 'CNM320', 'Technologies M A', 3),
(51, 'DPR410', 'Communication', 4),
(52, 'DPR411', 'Anglais', 4),
(53, 'DPR412', 'Droit Informatique', 4),
(54, 'PAV410', 'Intelligence Artificielle', 4),
(55, 'PAV411', 'JEE', 4),
(56, 'PAV412', 'Développement Mobile', 4),
(57, 'STG410', 'Stage', 4),
(58, 'RSS410', 'Sécurité réseaux', 4),
(59, 'RSS411', 'Voix et ToIP', 4),
(60, 'RSS412', 'Projet intégrateur avancé II', 4),
(61, 'DSI410', 'Bases de données NoSQL', 4),
(62, 'DSI411', 'Réseaux avancés et sécurité', 4),
(63, 'DSI412', 'Projet intégrateur avancé II', 4),
(64, 'CNM410', 'Infographie, Animation 2D/3D', 4),
(65, 'CNM411', 'Réseaux avancés et sécurité', 4),
(66, 'CNM412', 'Projet intégrateur avancé II', 4),
(67, 'BWC510', 'Architecture SOA et Webservices', 5),
(68, 'BWC511', 'Framework & technologies Big Data', 5),
(69, 'BWC512', 'Virtualisation & Cloud', 5),
(70, 'DPR510', 'Communication V', 5),
(71, 'DPR511', 'Anglais V', 5),
(72, 'DPR512', 'Entrepreneuriat', 5),
(73, 'RSS520', 'Préparation à la certification CCNA', 5),
(74, 'RSS521', 'Préparation à la certification Python', 5),
(75, 'RSS510', 'Réseaux fixes', 5),
(76, 'RSS511', 'Projet de perfectionnement', 5),
(77, 'RSS512', 'Gestion de projets Agiles', 5),
(78, 'DSI520', 'Préparation certification Oracle', 5),
(79, 'DSI521', 'Préparation certification Python', 5),
(80, 'DSI510', 'JEE Avancé', 5),
(81, 'DSI511', 'Projet de perfectionnement', 5),
(82, 'DSI512', 'Gestion de projets Agiles', 5),
(83, 'CNM520', 'Prep. Certif. Adobe Animate', 5),
(84, 'CNM521', 'Prep. Certif. Python', 5),
(85, 'CNM510', 'Indexation et référencement web', 5),
(86, 'CNM511', 'Projet de perfectionnement', 5),
(87, 'CNM512', 'Gestion de projets Agiles', 5),
(88, 'STG610', 'Stage', 6);

-- --------------------------------------------------------

--
-- Table structure for table `teacher_assignments`
--

CREATE TABLE `teacher_assignments` (
  `id` int NOT NULL,
  `professor_id` int DEFAULT NULL,
  `subject_id` int DEFAULT NULL,
  `group_id` int DEFAULT NULL,
  `type` enum('CM','TP','TD') DEFAULT NULL
) ENGINE=InnoDB DEFAULT CHARSET=utf8mb4 COLLATE=utf8mb4_unicode_ci;

--
-- Dumping data for table `teacher_assignments`
--

INSERT INTO `teacher_assignments` (`id`, `professor_id`, `subject_id`, `group_id`, `type`) VALUES
(1, 36, 30, 17, 'CM'),
(2, 21, 30, 23, 'TP'),
(3, 21, 30, 24, 'TP'),
(4, 1, 31, 17, 'CM'),
(5, 40, 31, 23, 'TD'),
(6, 40, 31, 24, 'TD'),
(7, 40, 31, 23, 'TP'),
(8, 40, 31, 24, 'TP'),
(9, 14, 32, 17, 'CM'),
(10, 40, 32, 23, 'TP'),
(11, 34, 32, 24, 'TP'),
(12, 21, 34, 17, 'CM'),
(13, 21, 34, 23, 'TD'),
(14, 21, 34, 24, 'TD'),
(15, 21, 34, 23, 'TP'),
(16, 21, 34, 24, 'TP'),
(17, 67, 33, 17, 'CM'),
(18, 24, 35, 17, 'CM'),
(19, 59, 36, 17, 'CM'),
(20, 60, 37, 17, 'CM'),
(21, 7, 38, 17, 'CM'),
(22, 23, 39, 17, 'CM'),
(23, 23, 39, 17, 'TD'),
(24, 23, 39, 17, 'TP'),
(25, 23, 41, 17, 'CM'),
(26, 23, 41, 17, 'TD'),
(27, 23, 41, 17, 'TP'),
(28, 22, 40, 17, 'CM'),
(29, 11, 40, 23, 'TD'),
(30, 22, 40, 24, 'TD'),
(31, 11, 40, 23, 'TP'),
(32, 22, 40, 24, 'TP'),
(33, 10, 42, 17, 'CM'),
(34, 10, 42, 17, 'TD'),
(35, 59, 9, 1, 'CM'),
(36, 60, 10, 1, 'CM'),
(37, 59, 9, 2, 'CM'),
(38, 60, 10, 2, 'CM'),
(39, 59, 9, 3, 'CM'),
(40, 60, 10, 3, 'CM'),
(41, 59, 9, 4, 'CM'),
(42, 60, 10, 4, 'CM'),
(43, 8, 6, 4, 'TP'),
(44, 2, 6, 4, 'CM');

-- --------------------------------------------------------

--
-- Table structure for table `time_slots`
--

CREATE TABLE `time_slots` (
  `id` int NOT NULL,
  `time_range` varchar(50) NOT NULL,
  `is_active` tinyint(1) DEFAULT '1'
) ENGINE=InnoDB DEFAULT CHARSET=utf8mb4 COLLATE=utf8mb4_unicode_ci;

--
-- Dumping data for table `time_slots`
--

INSERT INTO `time_slots` (`id`, `time_range`, `is_active`) VALUES
(1, '08:00-09:30', 1),
(2, '09:45-11:15', 1),
(3, '11:30-13:00', 1),
(4, '15:00-16:30', 1),
(5, '17:00-18:30', 1);

-- --------------------------------------------------------

--
-- Table structure for table `users`
--

CREATE TABLE `users` (
  `id` int NOT NULL,
  `username` varchar(100) NOT NULL,
  `password` varchar(255) NOT NULL,
  `role` enum('admin','professor','student') NOT NULL,
  `created_at` timestamp NULL DEFAULT CURRENT_TIMESTAMP,
  `email` varchar(255) DEFAULT NULL,
  `id_prof` int DEFAULT NULL,
  `remember_token` varchar(255) DEFAULT NULL
) ENGINE=InnoDB DEFAULT CHARSET=utf8mb4 COLLATE=utf8mb4_unicode_ci;

--
-- Dumping data for table `users`
--

INSERT INTO `users` (`id`, `username`, `password`, `role`, `created_at`, `email`, `id_prof`, `remember_token`) VALUES
(1, 'Kaber', '$2y$10$TTADVulfEtVjuu6UziLQT.mEivdSQoSxtNWIAEVEQo.BlZTGYrvs6', 'admin', '2025-12-15 15:54:55', 'kaber@hi.com', NULL, NULL),
(4, 'Zein El Abidine', '$2y$10$TTADVulfEtVjuu6UziLQT.mEivdSQoSxtNWIAEVEQo.BlZTGYrvs6', 'professor', '2025-12-19 20:01:57', 'Zein@supnum.mr', 71, NULL),
(11, 'Medn', '$2y$10$TTADVulfEtVjuu6UziLQT.mEivdSQoSxtNWIAEVEQo.BlZTGYrvs6', 'professor', '2026-01-03 23:21:15', 'Medn@hi.com', 72, NULL),
(12, 'Ahmed', '$2y$10$TTADVulfEtVjuu6UziLQT.mEivdSQoSxtNWIAEVEQo.BlZTGYrvs6', 'professor', '2026-01-04 00:44:39', 'ahmed@hi.com', 73, NULL),
(13, 'mine', '$2y$10$TTADVulfEtVjuu6UziLQT.mEivdSQoSxtNWIAEVEQo.BlZTGYrvs6', 'professor', '2026-01-04 01:03:47', 'mine@hi.com', 74, NULL),
(14, 'minetou yahye', '$2y$10$TTADVulfEtVjuu6UziLQT.mEivdSQoSxtNWIAEVEQo.BlZTGYrvs6', 'professor', '2026-01-04 01:21:00', 'minetou@hi.com', 75, NULL),
(24, 'Zein', '$2y$10$TTADVulfEtVjuu6UziLQT.mEivdSQoSxtNWIAEVEQo.BlZTGYrvs6', 'professor', '2026-01-08 23:16:51', 'z@hi.com', 76, NULL),
(25, 'Zein Ab', '$2y$10$TTADVulfEtVjuu6UziLQT.mEivdSQoSxtNWIAEVEQo.BlZTGYrvs6', 'admin', '2026-01-08 23:25:48', 'Zein@hi.com', NULL, NULL),
(26, 'Dieynaba', '$2y$10$1l2WuFgivblLVvKZ24g09u1nI5igHK9e9s/4ehKP/6tA1ZkB0DPvO', 'professor', '2026-01-22 06:30:05', 'test@hi.com', 59, NULL),
(27, 'Aloun', '$2y$10$2Rq/ZRo14z1XsaMrsPIhB.ULDPUm31h0EANcYiaIpJ2RXoK4U0Zda', 'professor', '2026-01-22 10:45:50', 'test@hi2.com', 23, NULL);

--
-- Indexes for dumped tables
--

--
-- Indexes for table `classrooms`
--
ALTER TABLE `classrooms`
  ADD PRIMARY KEY (`id`),
  ADD UNIQUE KEY `name` (`name`);

--
-- Indexes for table `course_workloads`
--
ALTER TABLE `course_workloads`
  ADD PRIMARY KEY (`id`),
  ADD UNIQUE KEY `unique_subject_group` (`subject_id`,`group_id_uni`),
  ADD KEY `group_id` (`group_id`);

--
-- Indexes for table `days`
--
ALTER TABLE `days`
  ADD PRIMARY KEY (`id`);

--
-- Indexes for table `groups`
--
ALTER TABLE `groups`
  ADD PRIMARY KEY (`id`),
  ADD UNIQUE KEY `code` (`code`),
  ADD KEY `semester_id` (`semester_id`),
  ADD KEY `parent_group_id` (`parent_group_id`);

--
-- Indexes for table `professors`
--
ALTER TABLE `professors`
  ADD PRIMARY KEY (`id`);

--
-- Indexes for table `professor_availability`
--
ALTER TABLE `professor_availability`
  ADD PRIMARY KEY (`id`),
  ADD UNIQUE KEY `unique_availability` (`professor_id`,`day_id`,`time_slot_id`),
  ADD KEY `day_id` (`day_id`),
  ADD KEY `time_slot_id` (`time_slot_id`);

--
-- Indexes for table `semesters`
--
ALTER TABLE `semesters`
  ADD PRIMARY KEY (`id`),
  ADD UNIQUE KEY `name` (`name`);

--
-- Indexes for table `settings`
--
ALTER TABLE `settings`
  ADD PRIMARY KEY (`setting_key`);

--
-- Indexes for table `subjects`
--
ALTER TABLE `subjects`
  ADD PRIMARY KEY (`id`),
  ADD UNIQUE KEY `code` (`code`),
  ADD KEY `fk_subject_semester` (`semester_id`);

--
-- Indexes for table `teacher_assignments`
--
ALTER TABLE `teacher_assignments`
  ADD PRIMARY KEY (`id`),
  ADD KEY `professor_id` (`professor_id`),
  ADD KEY `subject_id` (`subject_id`),
  ADD KEY `group_id` (`group_id`);

--
-- Indexes for table `time_slots`
--
ALTER TABLE `time_slots`
  ADD PRIMARY KEY (`id`);

--
-- Indexes for table `users`
--
ALTER TABLE `users`
  ADD PRIMARY KEY (`id`),
  ADD UNIQUE KEY `email` (`email`);

--
-- AUTO_INCREMENT for dumped tables
--

--
-- AUTO_INCREMENT for table `classrooms`
--
ALTER TABLE `classrooms`
  MODIFY `id` int NOT NULL AUTO_INCREMENT, AUTO_INCREMENT=28;

--
-- AUTO_INCREMENT for table `course_workloads`
--
ALTER TABLE `course_workloads`
  MODIFY `id` int NOT NULL AUTO_INCREMENT, AUTO_INCREMENT=47;

--
-- AUTO_INCREMENT for table `days`
--
ALTER TABLE `days`
  MODIFY `id` int NOT NULL AUTO_INCREMENT, AUTO_INCREMENT=8;

--
-- AUTO_INCREMENT for table `groups`
--
ALTER TABLE `groups`
  MODIFY `id` int NOT NULL AUTO_INCREMENT, AUTO_INCREMENT=33;

--
-- AUTO_INCREMENT for table `professor_availability`
--
ALTER TABLE `professor_availability`
  MODIFY `id` int NOT NULL AUTO_INCREMENT, AUTO_INCREMENT=2756;

--
-- AUTO_INCREMENT for table `semesters`
--
ALTER TABLE `semesters`
  MODIFY `id` int NOT NULL AUTO_INCREMENT, AUTO_INCREMENT=8;

--
-- AUTO_INCREMENT for table `subjects`
--
ALTER TABLE `subjects`
  MODIFY `id` int NOT NULL AUTO_INCREMENT, AUTO_INCREMENT=89;

--
-- AUTO_INCREMENT for table `teacher_assignments`
--
ALTER TABLE `teacher_assignments`
  MODIFY `id` int NOT NULL AUTO_INCREMENT, AUTO_INCREMENT=45;

--
-- AUTO_INCREMENT for table `time_slots`
--
ALTER TABLE `time_slots`
  MODIFY `id` int NOT NULL AUTO_INCREMENT, AUTO_INCREMENT=7;

--
-- AUTO_INCREMENT for table `users`
--
ALTER TABLE `users`
  MODIFY `id` int NOT NULL AUTO_INCREMENT, AUTO_INCREMENT=28;

--
-- Constraints for dumped tables
--

--
-- Constraints for table `course_workloads`
--
ALTER TABLE `course_workloads`
  ADD CONSTRAINT `course_workloads_ibfk_1` FOREIGN KEY (`subject_id`) REFERENCES `subjects` (`id`) ON DELETE CASCADE,
  ADD CONSTRAINT `course_workloads_ibfk_2` FOREIGN KEY (`group_id`) REFERENCES `groups` (`id`) ON DELETE CASCADE;

--
-- Constraints for table `groups`
--
ALTER TABLE `groups`
  ADD CONSTRAINT `groups_ibfk_1` FOREIGN KEY (`semester_id`) REFERENCES `semesters` (`id`) ON DELETE SET NULL,
  ADD CONSTRAINT `groups_ibfk_2` FOREIGN KEY (`parent_group_id`) REFERENCES `groups` (`id`) ON DELETE SET NULL;

--
-- Constraints for table `professor_availability`
--
ALTER TABLE `professor_availability`
  ADD CONSTRAINT `professor_availability_ibfk_1` FOREIGN KEY (`professor_id`) REFERENCES `professors` (`id`) ON DELETE CASCADE,
  ADD CONSTRAINT `professor_availability_ibfk_2` FOREIGN KEY (`day_id`) REFERENCES `days` (`id`) ON DELETE CASCADE,
  ADD CONSTRAINT `professor_availability_ibfk_3` FOREIGN KEY (`time_slot_id`) REFERENCES `time_slots` (`id`) ON DELETE CASCADE;

--
-- Constraints for table `subjects`
--
ALTER TABLE `subjects`
  ADD CONSTRAINT `fk_subject_semester` FOREIGN KEY (`semester_id`) REFERENCES `semesters` (`id`) ON DELETE SET NULL;

--
-- Constraints for table `teacher_assignments`
--
ALTER TABLE `teacher_assignments`
  ADD CONSTRAINT `teacher_assignments_ibfk_1` FOREIGN KEY (`professor_id`) REFERENCES `professors` (`id`) ON DELETE CASCADE,
  ADD CONSTRAINT `teacher_assignments_ibfk_2` FOREIGN KEY (`subject_id`) REFERENCES `subjects` (`id`) ON DELETE CASCADE,
  ADD CONSTRAINT `teacher_assignments_ibfk_3` FOREIGN KEY (`group_id`) REFERENCES `groups` (`id`) ON DELETE CASCADE;
SET FOREIGN_KEY_CHECKS = 1;
COMMIT;

/*!40101 SET CHARACTER_SET_CLIENT=@OLD_CHARACTER_SET_CLIENT */;
/*!40101 SET CHARACTER_SET_RESULTS=@OLD_CHARACTER_SET_RESULTS */;
/*!40101 SET COLLATION_CONNECTION=@OLD_COLLATION_CONNECTION */;
